plan_trip_id,stop_id,stop_sequence,checkpoint_id,block_id,route_id,service_id,route_pattern_id,route_pattern_typicality,direction_id,direction,direction_destination,stop_name,plan_stop_count,plan_start_time,plan_start_dt,plan_stop_departure_dt,service_date,plan_travel_time_seconds,plan_route_direction_headway_seconds,plan_direction_destination_headway_seconds
63070693,334,1,ashmt,C22-146,22,BUS32024-hbc34ns1-Weekday-02,22-_-1,1,1,Inbound,Ruggles Station,Ashmont,29,55800,2024-08-01T15:30:00.000000,2024-08-01T15:30:00.000000,2024-08-01,,540,480
63070693,367,2,,C22-146,22,BUS32024-hbc34ns1-Weekday-02,22-_-1,1,1,Inbound,Ruggles Station,Talbot Ave @ Dorchester Ave,29,55800,2024-08-01T15:30:00.000000,2024-08-01T15:31:00.000000,2024-08-01,60,540,420
63070693,369,3,,C22-146,22,BUS32024-hbc34ns1-Weekday-02,22-_-1,1,1,Inbound,Ruggles Station,Talbot Ave @ Welles Ave,29,55800,2024-08-01T15:30:00.000000,2024-08-01T15:32:00.000000,2024-08-01,60,540,420
63070693,371,4,codmn,C22-146,22,BUS32024-hbc34ns1-Weekday-02,22-_-1,1,1,Inbound,Ruggles Station,Talbot Ave @ Centre St,29,55800,2024-08-01T15:30:00.000000,2024-08-01T15:33:00.000000,2024-08-01,60,540,360
63070693,372,5,,C22-146,22,BUS32024-hbc34ns1-Weekday-02,22-_-1,1,1,Inbound,Ruggles Station,Talbot Ave @ Southern Ave,29,55800,2024-08-01T15:30:00.000000,2024-08-01T15:34:00.000000,2024-08-01,60,540,540
63070693,373,6,,C22-146,22,BUS32024-hbc34ns1-Weekday-02,22-_-1,1,1,Inbound,Ruggles Station,Talbot Ave @ Spencer St,29,55800,2024-08-01T15:30:00.000000,2024-08-01T15:35:00.000000,2024-08-01,60,540,540
63070693,374,7,,C22-146,22,BUS32024-hbc34ns1-Weekday-02,22-_-1,1,1,Inbound,Ruggles Station,Talbot Ave @ Talbot Station,29,55800,2024-08-01T15:30:00.000000,2024-08-01T15:36:00.000000,2024-08-01,60,540,540
63070693,375,8,,C22-146,22,BUS32024-hbc34ns1-Weekday-02,22-_-1,1,1,Inbound,Ruggles Station,Talbot Ave @ Bernard St,29,55800,2024-08-01T15:30:00.000000,2024-08-01T15:37:00.000000,2024-08-01,60,540,540
63070693,376,9,,C22-146,22,BUS32024-hbc34ns1-Weekday-02,22-_-1,1,1,Inbound,Ruggles Station,Talbot Ave @ Kerwin St,29,55800,2024-08-01T15:30:00.000000,2024-08-01T15:38:00.000000,2024-08-01,60,540,540
63070693,378,10,bltal,C22-146,22,BUS32024-hbc34ns1-Weekday-02,22-_-1,1,1,Inbound,Ruggles Station,Talbot Ave @ Nightingale St,29,55800,2024-08-01T15:30:00.000000,2024-08-01T15:39:00.000000,2024-08-01,60,540,540
63070693,1737,11,,C22-146,22,BUS32024-hbc34ns1-Weekday-02,22-_-1,1,1,Inbound,Ruggles Station,Blue Hill Ave @ Harvard St,29,55800,2024-08-01T15:30:00.000000,2024-08-01T15:40:00.000000,2024-08-01,60,540,360
63070693,381,12,,C22-146,22,BUS32024-hbc34ns1-Weekday-02,22-_-1,1,1,Inbound,Ruggles Station,Blue Hill Ave @ Wales St,29,55800,2024-08-01T15:30:00.000000,2024-08-01T15:41:00.000000,2024-08-01,60,540,300
63070693,382,13,,C22-146,22,BUS32024-hbc34ns1-Weekday-02,22-_-1,1,1,Inbound,Ruggles Station,Blue Hill Ave @ Charlotte St,29,55800,2024-08-01T15:30:00.000000,2024-08-01T15:42:00.000000,2024-08-01,60,540,300
63070693,383,14,frnpk,C22-146,22,BUS32024-hbc34ns1-Weekday-02,22-_-1,1,1,Inbound,Ruggles Station,Blue Hill Ave @ Ellington St,29,55800,2024-08-01T15:30:00.000000,2024-08-01T15:43:00.000000,2024-08-01,60,540,240
63070693,9448,15,,C22-146,22,BUS32024-hbc34ns1-Weekday-02,22-_-1,1,1,Inbound,Ruggles Station,Seaver St @ Blue Hill Ave,29,55800,2024-08-01T15:30:00.000000,2024-08-01T15:44:00.000000,2024-08-01,60,540,540
63070693,1739,16,,C22-146,22,BUS32024-hbc34ns1-Weekday-02,22-_-1,1,1,Inbound,Ruggles Station,Seaver St @ Maple St,29,55800,2024-08-01T15:30:00.000000,2024-08-01T15:45:00.000000,2024-08-01,60,540,540
63070693,1740,17,,C22-146,22,BUS32024-hbc34ns1-Weekday-02,22-_-1,1,1,Inbound,Ruggles Station,Seaver St @ Elm Hill Ave,29,55800,2024-08-01T15:30:00.000000,2024-08-01T15:46:00.000000,2024-08-01,60,540,540
63070693,1741,18,svrhm,C22-146,22,BUS32024-hbc34ns1-Weekday-02,22-_-1,1,1,Inbound,Ruggles Station,Seaver St @ Humboldt Ave,29,55800,2024-08-01T15:30:00.000000,2024-08-01T15:47:00.000000,2024-08-01,60,540,540
63070693,1742,19,,C22-146,22,BUS32024-hbc34ns1-Weekday-02,22-_-1,1,1,Inbound,Ruggles Station,Seaver St @ Harold St,29,55800,2024-08-01T15:30:00.000000,2024-08-01T15:48:00.000000,2024-08-01,60,540,540
63070693,1743,20,,C22-146,22,BUS32024-hbc34ns1-Weekday-02,22-_-1,1,1,Inbound,Ruggles Station,Columbus Ave @ Walnut Ave,29,55800,2024-08-01T15:30:00.000000,2024-08-01T15:49:00.000000,2024-08-01,60,540,540
63070693,1188,21,egles,C22-146,22,BUS32024-hbc34ns1-Weekday-02,22-_-1,1,1,Inbound,Ruggles Station,Columbus Ave opp Weld Ave - Egleston Sq,29,55800,2024-08-01T15:30:00.000000,2024-08-01T15:50:00.000000,2024-08-01,60,540,540
63070693,1215,22,,C22-146,22,BUS32024-hbc34ns1-Weekday-02,22-_-1,1,1,Inbound,Ruggles Station,Columbus Ave @ Bray St,29,55800,2024-08-01T15:30:00.000000,2024-08-01T15:51:00.000000,2024-08-01,60,540,540
63070693,1216,23,,C22-146,22,BUS32024-hbc34ns1-Weekday-02,22-_-1,1,1,Inbound,Ruggles Station,Columbus Ave @ Dimock St,29,55800,2024-08-01T15:30:00.000000,2024-08-01T15:52:00.000000,2024-08-01,60,540,540
63070693,11531,24,jasst,C22-146,22,BUS32024-hbc34ns1-Weekday-02,22-_-1,1,1,Inbound,Ruggles Station,Jackson Square,29,55800,2024-08-01T15:30:00.000000,2024-08-01T15:56:00.000000,2024-08-01,240,540,540
63070693,1219,25,,C22-146,22,BUS32024-hbc34ns1-Weekday-02,22-_-1,1,1,Inbound,Ruggles Station,Columbus Ave @ Centre St,29,55800,2024-08-01T15:30:00.000000,2024-08-01T15:58:00.000000,2024-08-01,120,540,540
63070693,1221,26,,C22-146,22,BUS32024-hbc34ns1-Weekday-02,22-_-1,1,1,Inbound,Ruggles Station,Columbus Ave @ Cedar St,29,55800,2024-08-01T15:30:00.000000,2024-08-01T15:59:00.000000,2024-08-01,60,540,540
63070693,1222,27,roxbs,C22-146,22,BUS32024-hbc34ns1-Weekday-02,22-_-1,1,1,Inbound,Ruggles Station,Columbus Ave @ Malcolm X Blvd,29,55800,2024-08-01T15:30:00.000000,2024-08-01T16:01:00.000000,2024-08-01,120,540,540
63070693,1224,28,,C22-146,22,BUS32024-hbc34ns1-Weekday-02,22-_-1,1,1,Inbound,Ruggles Station,Tremont St opp Prentiss St,29,55800,2024-08-01T15:30:00.000000,2024-08-01T16:04:00.000000,2024-08-01,180,540,60
63070693,17861,29,rugg,C22-146,22,BUS32024-hbc34ns1-Weekday-02,22-_-1,1,1,Inbound,Ruggles Station,Ruggles,29,55800,2024-08-01T15:30:00.000000,2024-08-01T16:10:00.000000,2024-08-01,360,540,180
63070975,33,1,ctypt,C07-23,7,BUS32024-hbc34ns1-Weekday-02,7-1-1,1,1,Inbound,Otis Street & Summer Street,City Point Bus Terminal,14,26880,2024-08-01T07:28:00.000000,2024-08-01T07:28:00.000000,2024-08-01,,480,480
63070975,10033,2,,C07-23,7,BUS32024-hbc34ns1-Weekday-02,7-1-1,1,1,Inbound,Otis Street & Summer Street,E 1st St @ O St,14,26880,2024-08-01T07:28:00.000000,2024-08-01T07:29:00.000000,2024-08-01,60,480,480
63070975,34,3,,C07-23,7,BUS32024-hbc34ns1-Weekday-02,7-1-1,1,1,Inbound,Otis Street & Summer Street,P St @ E 2nd St,14,26880,2024-08-01T07:28:00.000000,2024-08-01T07:30:00.000000,2024-08-01,60,480,480
63070975,35,4,,C07-23,7,BUS32024-hbc34ns1-Weekday-02,7-1-1,1,1,Inbound,Otis Street & Summer Street,P St @ E Broadway,14,26880,2024-08-01T07:28:00.000000,2024-08-01T07:30:00.000000,2024-08-01,0,480,480
63070975,895,5,,C07-23,7,BUS32024-hbc34ns1-Weekday-02,7-1-1,1,1,Inbound,Otis Street & Summer Street,E Broadway @ N St,14,26880,2024-08-01T07:28:00.000000,2024-08-01T07:32:00.000000,2024-08-01,120,480,480
63070975,886,6,lbrwy,C07-23,7,BUS32024-hbc34ns1-Weekday-02,7-1-1,1,1,Inbound,Otis Street & Summer Street,L St @ Broadway,14,26880,2024-08-01T07:28:00.000000,2024-08-01T07:33:00.000000,2024-08-01,60,480,480
63070975,884,7,,C07-23,7,BUS32024-hbc34ns1-Weekday-02,7-1-1,1,1,Inbound,Otis Street & Summer Street,Summer St @ E 1st St,14,26880,2024-08-01T07:28:00.000000,2024-08-01T07:34:00.000000,2024-08-01,60,480,480
63070975,210,8,,C07-23,7,BUS32024-hbc34ns1-Weekday-02,7-1-1,1,1,Inbound,Otis Street & Summer Street,Summer St @ Drydock Ave,14,26880,2024-08-01T07:28:00.000000,2024-08-01T07:36:00.000000,2024-08-01,120,480,480
63070975,212,9,,C07-23,7,BUS32024-hbc34ns1-Weekday-02,7-1-1,1,1,Inbound,Otis Street & Summer Street,Summer St @ D St,14,26880,2024-08-01T07:28:00.000000,2024-08-01T07:37:00.000000,2024-08-01,60,480,480
63070975,890,10,bcec,C07-23,7,BUS32024-hbc34ns1-Weekday-02,7-1-1,1,1,Inbound,Otis Street & Summer Street,Summer St @ WTC Ave,14,26880,2024-08-01T07:28:00.000000,2024-08-01T07:38:00.000000,2024-08-01,60,480,480
63070975,891,11,,C07-23,7,BUS32024-hbc34ns1-Weekday-02,7-1-1,1,1,Inbound,Otis Street & Summer Street,Summer St opp Melcher St,14,26880,2024-08-01T07:28:00.000000,2024-08-01T07:40:00.000000,2024-08-01,120,480,480
63070975,892,12,sosta,C07-23,7,BUS32024-hbc34ns1-Weekday-02,7-1-1,1,1,Inbound,Otis Street & Summer Street,Summer St @ Atlantic Ave,14,26880,2024-08-01T07:28:00.000000,2024-08-01T07:42:00.000000,2024-08-01,120,480,480
63070975,6535,13,,C07-23,7,BUS32024-hbc34ns1-Weekday-02,7-1-1,1,1,Inbound,Otis Street & Summer Street,Federal St @ Matthews St,14,26880,2024-08-01T07:28:00.000000,2024-08-01T07:46:00.000000,2024-08-01,240,480,480
63070975,16535,14,otsum,C07-23,7,BUS32024-hbc34ns1-Weekday-02,7-1-1,1,1,Inbound,Otis Street & Summer Street,Otis St @ Summer St,14,26880,2024-08-01T07:28:00.000000,2024-08-01T07:49:00.000000,2024-08-01,180,480,480
63071767,1475,1,kane,C15-106,15,BUS32024-hbc34ns1-Weekday-02,15-_-1,1,1,Inbound,Ruggles Station,Hancock St @ Bowdoin St,21,57000,2024-08-01T15:50:00.000000,2024-08-01T15:50:00.000000,2024-08-01,,600,600
63071767,1478,2,,C15-106,15,BUS32024-hbc34ns1-Weekday-02,15-_-1,1,1,Inbound,Ruggles Station,Hancock St @ Rowell St,21,57000,2024-08-01T15:50:00.000000,2024-08-01T15:51:00.000000,2024-08-01,60,600,600
63071767,1479,3,,C15-106,15,BUS32024-hbc34ns1-Weekday-02,15-_-1,1,1,Inbound,Ruggles Station,Hancock St @ Jerome St,21,57000,2024-08-01T15:50:00.000000,2024-08-01T15:51:00.000000,2024-08-01,0,600,600
63071767,1480,4,upham,C15-106,15,BUS32024-hbc34ns1-Weekday-02,15-_-1,1,1,Inbound,Ruggles Station,Columbia Rd @ Hancock St,21,57000,2024-08-01T15:50:00.000000,2024-08-01T15:52:00.000000,2024-08-01,60,600,600
63071767,1481,5,,C15-106,15,BUS32024-hbc34ns1-Weekday-02,15-_-1,1,1,Inbound,Ruggles Station,Dudley St @ Belden St,21,57000,2024-08-01T15:50:00.000000,2024-08-01T15:53:00.000000,2024-08-01,60,600,600
63071767,11482,6,,C15-106,15,BUS32024-hbc34ns1-Weekday-02,15-_-1,1,1,Inbound,Ruggles Station,Dudley St @ Uphams Corner Station,21,57000,2024-08-01T15:50:00.000000,2024-08-01T15:54:00.000000,2024-08-01,60,600,600
63071767,14831,7,,C15-106,15,BUS32024-hbc34ns1-Weekday-02,15-_-1,1,1,Inbound,Ruggles Station,Dudley St opp Howard Ave,21,57000,2024-08-01T15:50:00.000000,2024-08-01T15:55:00.000000,2024-08-01,60,600,600
63071767,1484,8,,C15-106,15,BUS32024-hbc34ns1-Weekday-02,15-_-1,1,1,Inbound,Ruggles Station,Dudley St @ E Cottage St,21,57000,2024-08-01T15:50:00.000000,2024-08-01T15:56:00.000000,2024-08-01,60,600,600
63071767,1485,9,,C15-106,15,BUS32024-hbc34ns1-Weekday-02,15-_-1,1,1,Inbound,Ruggles Station,Dudley St @ Langdon St,21,57000,2024-08-01T15:50:00.000000,2024-08-01T15:57:00.000000,2024-08-01,60,600,600
63071767,1486,10,bhdud,C15-106,15,BUS32024-hbc34ns1-Weekday-02,15-_-1,1,1,Inbound,Ruggles Station,Dudley St @ Magazine St,21,57000,2024-08-01T15:50:00.000000,2024-08-01T15:58:00.000000,2024-08-01,60,600,600
63071767,1487,11,,C15-106,15,BUS32024-hbc34ns1-Weekday-02,15-_-1,1,1,Inbound,Ruggles Station,Dudley St @ Hampden St,21,57000,2024-08-01T15:50:00.000000,2024-08-01T15:59:00.000000,2024-08-01,60,600,600
63071767,1488,12,,C15-106,15,BUS32024-hbc34ns1-Weekday-02,15-_-1,1,1,Inbound,Ruggles Station,Dudley St @ Adams St,21,57000,2024-08-01T15:50:00.000000,2024-08-01T16:01:00.000000,2024-08-01,120,600,600
63071767,1489,13,,C15-106,15,BUS32024-hbc34ns1-Weekday-02,15-_-1,1,1,Inbound,Ruggles Station,Dudley St @ Dearborn St,21,57000,2024-08-01T15:50:00.000000,2024-08-01T16:03:00.000000,2024-08-01,120,660,660
63071767,1491,14,,C15-106,15,BUS32024-hbc34ns1-Weekday-02,15-_-1,1,1,Inbound,Ruggles Station,Dudley St @ Harrison Ave,21,57000,2024-08-01T15:50:00.000000,2024-08-01T16:06:00.000000,2024-08-01,180,720,0
63071767,64000,15,nubn,C15-106,15,BUS32024-hbc34ns1-Weekday-02,15-_-1,1,1,Inbound,Ruggles Station,Nubian,21,57000,2024-08-01T15:50:00.000000,2024-08-01T16:07:00.000000,2024-08-01,60,720,0
63071767,1148,16,,C15-106,15,BUS32024-hbc34ns1-Weekday-02,15-_-1,1,1,Inbound,Ruggles Station,Malcolm X Blvd @ Shawmut Ave,21,57000,2024-08-01T15:50:00.000000,2024-08-01T16:09:00.000000,2024-08-01,120,720,60
63071767,11149,17,,C15-106,15,BUS32024-hbc34ns1-Weekday-02,15-_-1,1,1,Inbound,Ruggles Station,Malcolm X Blvd @ O'Bryant HS,21,57000,2024-08-01T15:50:00.000000,2024-08-01T16:10:00.000000,2024-08-01,60,720,120
63071767,11148,18,,C15-106,15,BUS32024-hbc34ns1-Weekday-02,15-_-1,1,1,Inbound,Ruggles Station,Malcolm X Blvd @ Madison Park HS,21,57000,2024-08-01T15:50:00.000000,2024-08-01T16:11:00.000000,2024-08-01,60,720,120
63071767,21148,19,roxbs,C15-106,15,BUS32024-hbc34ns1-Weekday-02,15-_-1,1,1,Inbound,Ruggles Station,Malcolm X Blvd @ Tremont St,21,57000,2024-08-01T15:50:00.000000,2024-08-01T16:12:00.000000,2024-08-01,60,720,180
63071767,1224,20,,C15-106,15,BUS32024-hbc34ns1-Weekday-02,15-_-1,1,1,Inbound,Ruggles Station,Tremont St opp Prentiss St,21,57000,2024-08-01T15:50:00.000000,2024-08-01T16:14:00.000000,2024-08-01,120,720,120
63071767,17861,21,rugg,C15-106,15,BUS32024-hbc34ns1-Weekday-02,15-_-1,1,1,Inbound,Ruggles Station,Ruggles,21,57000,2024-08-01T15:50:00.000000,2024-08-01T16:19:00.000000,2024-08-01,300,720,0
63072828,6551,1,fedfr,C18-134,504,BUS32024-hbc34ns1-Weekday-02,504-2-0,1,0,Outbound,Watertown Yard,Federal St @ Franklin St,12,29220,2024-08-01T08:07:00.000000,2024-08-01T08:07:00.000000,2024-08-01,,960,960
63072828,16535,2,,C18-134,504,BUS32024-hbc34ns1-Weekday-02,504-2-0,1,0,Outbound,Watertown Yard,Otis St @ Summer St,12,29220,2024-08-01T08:07:00.000000,2024-08-01T08:09:00.000000,2024-08-01,120,960,960
63072828,6555,3,kneel,C18-134,504,BUS32024-hbc34ns1-Weekday-02,504-2-0,1,0,Outbound,Watertown Yard,Chinatown Gate,12,29220,2024-08-01T08:07:00.000000,2024-08-01T08:12:00.000000,2024-08-01,180,960,960
63072828,9983,4,,C18-134,504,BUS32024-hbc34ns1-Weekday-02,504-2-0,1,0,Outbound,Watertown Yard,Stuart St @ Charles St S,12,29220,2024-08-01T08:07:00.000000,2024-08-01T08:15:00.000000,2024-08-01,180,960,960
63072828,177,5,,C18-134,504,BUS32024-hbc34ns1-Weekday-02,504-2-0,1,0,Outbound,Watertown Yard,Saint James Ave @ Arlington St,12,29220,2024-08-01T08:07:00.000000,2024-08-01T08:17:00.000000,2024-08-01,120,960,960
63072828,173,6,,C18-134,504,BUS32024-hbc34ns1-Weekday-02,504-2-0,1,0,Outbound,Watertown Yard,Saint James Ave @ Berkeley St,12,29220,2024-08-01T08:07:00.000000,2024-08-01T08:19:00.000000,2024-08-01,120,960,960
63072828,178,7,stjim,C18-134,504,BUS32024-hbc34ns1-Weekday-02,504-2-0,1,0,Outbound,Watertown Yard,Saint James Ave @ Dartmouth St,12,29220,2024-08-01T08:07:00.000000,2024-08-01T08:20:00.000000,2024-08-01,60,960,960
63072828,903,8,nwcor,C18-134,504,BUS32024-hbc34ns1-Weekday-02,504-2-0,1,0,Outbound,Watertown Yard,Washington St @ Bacon St,12,29220,2024-08-01T08:07:00.000000,2024-08-01T08:29:00.000000,2024-08-01,540,960,960
63072828,19031,9,,C18-134,504,BUS32024-hbc34ns1-Weekday-02,504-2-0,1,0,Outbound,Watertown Yard,400 Centre St - West,12,29220,2024-08-01T08:07:00.000000,2024-08-01T08:32:00.000000,2024-08-01,180,960,960
63072828,988,10,,C18-134,504,BUS32024-hbc34ns1-Weekday-02,504-2-0,1,0,Outbound,Watertown Yard,Centre St @ Jefferson St,12,29220,2024-08-01T08:07:00.000000,2024-08-01T08:35:00.000000,2024-08-01,180,960,480
63072828,989,11,,C18-134,504,BUS32024-hbc34ns1-Weekday-02,504-2-0,1,0,Outbound,Watertown Yard,Galen St @ Maple St,12,29220,2024-08-01T08:07:00.000000,2024-08-01T08:36:00.000000,2024-08-01,60,960,420
63072828,999,12,wtryd,C18-134,504,BUS32024-hbc34ns1-Weekday-02,504-2-0,1,0,Outbound,Watertown Yard,Galen St @ Water St,12,29220,2024-08-01T08:07:00.000000,2024-08-01T08:39:00.000000,2024-08-01,180,960,420
63075088,64000,1,nubn,A66-325,66,BUS32024-hba34ns1-Weekday-02,66-6-0,1,0,Outbound,Harvard Square,Nubian,33,20700,2024-08-01T05:45:00.000000,2024-08-01T05:45:00.000000,2024-08-01,,720,720
63075088,1148,2,,A66-325,66,BUS32024-hba34ns1-Weekday-02,66-6-0,1,0,Outbound,Harvard Square,Malcolm X Blvd @ Shawmut Ave,33,20700,2024-08-01T05:45:00.000000,2024-08-01T05:46:00.000000,2024-08-01,60,720,720
63075088,11149,3,,A66-325,66,BUS32024-hba34ns1-Weekday-02,66-6-0,1,0,Outbound,Harvard Square,Malcolm X Blvd @ O'Bryant HS,33,20700,2024-08-01T05:45:00.000000,2024-08-01T05:47:00.000000,2024-08-01,60,720,720
63075088,11148,4,,A66-325,66,BUS32024-hba34ns1-Weekday-02,66-6-0,1,0,Outbound,Harvard Square,Malcolm X Blvd @ Madison Park HS,33,20700,2024-08-01T05:45:00.000000,2024-08-01T05:48:00.000000,2024-08-01,60,720,720
63075088,21148,5,,A66-325,66,BUS32024-hba34ns1-Weekday-02,66-6-0,1,0,Outbound,Harvard Square,Malcolm X Blvd @ Tremont St,33,20700,2024-08-01T05:45:00.000000,2024-08-01T05:49:00.000000,2024-08-01,60,720,720
63075088,1357,6,roxbs,A66-325,66,BUS32024-hba34ns1-Weekday-02,66-6-0,1,0,Outbound,Harvard Square,Tremont St opp Roxbury Crossing Sta,33,20700,2024-08-01T05:45:00.000000,2024-08-01T05:50:00.000000,2024-08-01,60,720,720
63075088,13590,7,,A66-325,66,BUS32024-hba34ns1-Weekday-02,66-6-0,1,0,Outbound,Harvard Square,Tremont St @ Tobin Community Center,33,20700,2024-08-01T05:45:00.000000,2024-08-01T05:51:00.000000,2024-08-01,60,720,720
63075088,1360,8,,A66-325,66,BUS32024-hba34ns1-Weekday-02,66-6-0,1,0,Outbound,Harvard Square,Tremont St @ Saint Alphonsus St,33,20700,2024-08-01T05:45:00.000000,2024-08-01T05:51:00.000000,2024-08-01,0,720,720
63075088,1362,9,brghm,A66-325,66,BUS32024-hba34ns1-Weekday-02,66-6-0,1,0,Outbound,Harvard Square,Tremont St @ Huntington Ave,33,20700,2024-08-01T05:45:00.000000,2024-08-01T05:52:00.000000,2024-08-01,60,720,720
63075088,1363,10,,A66-325,66,BUS32024-hba34ns1-Weekday-02,66-6-0,1,0,Outbound,Harvard Square,Huntington Ave @ Fenwood Rd,33,20700,2024-08-01T05:45:00.000000,2024-08-01T05:53:00.000000,2024-08-01,60,720,720
63075088,1365,11,,A66-325,66,BUS32024-hba34ns1-Weekday-02,66-6-0,1,0,Outbound,Harvard Square,835 Huntington Ave opp Parker Hill Ave,33,20700,2024-08-01T05:45:00.000000,2024-08-01T05:54:00.000000,2024-08-01,60,720,720
63075088,1366,12,,A66-325,66,BUS32024-hba34ns1-Weekday-02,66-6-0,1,0,Outbound,Harvard Square,Huntington Ave @ Riverway,33,20700,2024-08-01T05:45:00.000000,2024-08-01T05:56:00.000000,2024-08-01,120,720,720
63075088,1526,13,brkvl,A66-325,66,BUS32024-hba34ns1-Weekday-02,66-6-0,1,0,Outbound,Harvard Square,Washington St @ Pearl St,33,20700,2024-08-01T05:45:00.000000,2024-08-01T05:57:00.000000,2024-08-01,60,720,720
63075088,1367,14,,A66-325,66,BUS32024-hba34ns1-Weekday-02,66-6-0,1,0,Outbound,Harvard Square,Harvard St @ Kent St,33,20700,2024-08-01T05:45:00.000000,2024-08-01T05:58:00.000000,2024-08-01,60,720,720
63075088,1369,15,,A66-325,66,BUS32024-hba34ns1-Weekday-02,66-6-0,1,0,Outbound,Harvard Square,Harvard St @ Aspinwall Ave,33,20700,2024-08-01T05:45:00.000000,2024-08-01T05:58:00.000000,2024-08-01,0,720,720
63075088,1371,16,,A66-325,66,BUS32024-hba34ns1-Weekday-02,66-6-0,1,0,Outbound,Harvard Square,Harvard St opp Vernon St,33,20700,2024-08-01T05:45:00.000000,2024-08-01T05:59:00.000000,2024-08-01,60,720,720
63075088,1372,17,cool,A66-325,66,BUS32024-hba34ns1-Weekday-02,66-6-0,1,0,Outbound,Harvard Square,Harvard St @ Beacon St,33,20700,2024-08-01T05:45:00.000000,2024-08-01T06:00:00.000000,2024-08-01,60,720,720
63075088,1373,18,,A66-325,66,BUS32024-hba34ns1-Weekday-02,66-6-0,1,0,Outbound,Harvard Square,Harvard St @ Stedman St,33,20700,2024-08-01T05:45:00.000000,2024-08-01T06:01:00.000000,2024-08-01,60,720,720
63075088,1375,19,,A66-325,66,BUS32024-hba34ns1-Weekday-02,66-6-0,1,0,Outbound,Harvard Square,Harvard St @ Coolidge St,33,20700,2024-08-01T05:45:00.000000,2024-08-01T06:02:00.000000,2024-08-01,60,720,720
63075088,1376,20,,A66-325,66,BUS32024-hba34ns1-Weekday-02,66-6-0,1,0,Outbound,Harvard Square,Harvard St opp Verndale St,33,20700,2024-08-01T05:45:00.000000,2024-08-01T06:03:00.000000,2024-08-01,60,720,720
63075088,1378,21,hvdcm,A66-325,66,BUS32024-hba34ns1-Weekday-02,66-6-0,1,0,Outbound,Harvard Square,Harvard Ave @ Commonwealth Ave,33,20700,2024-08-01T05:45:00.000000,2024-08-01T06:04:00.000000,2024-08-01,60,720,720
63075088,1379,22,,A66-325,66,BUS32024-hba34ns1-Weekday-02,66-6-0,1,0,Outbound,Harvard Square,Harvard Ave @ Brighton Ave,33,20700,2024-08-01T05:45:00.000000,2024-08-01T06:05:00.000000,2024-08-01,60,720,720
63075088,964,23,,A66-325,66,BUS32024-hba34ns1-Weekday-02,66-6-0,1,0,Outbound,Harvard Square,Brighton Ave opp Quint Ave,33,20700,2024-08-01T05:45:00.000000,2024-08-01T06:06:00.000000,2024-08-01,60,780,780
63075088,1111,24,union,A66-325,66,BUS32024-hba34ns1-Weekday-02,66-6-0,1,0,Outbound,Harvard Square,Cambridge St opp Hano St,33,20700,2024-08-01T05:45:00.000000,2024-08-01T06:07:00.000000,2024-08-01,60,780,780
63075088,1112,25,,A66-325,66,BUS32024-hba34ns1-Weekday-02,66-6-0,1,0,Outbound,Harvard Square,Cambridge St @ Harvard Ave,33,20700,2024-08-01T05:45:00.000000,2024-08-01T06:08:00.000000,2024-08-01,60,780,780
63075088,2558,26,,A66-325,66,BUS32024-hba34ns1-Weekday-02,66-6-0,1,0,Outbound,Harvard Square,N Harvard St @ Empire St,33,20700,2024-08-01T05:45:00.000000,2024-08-01T06:11:00.000000,2024-08-01,180,840,840
63075088,2559,27,,A66-325,66,BUS32024-hba34ns1-Weekday-02,66-6-0,1,0,Outbound,Harvard Square,N Harvard St @ Oxford St,33,20700,2024-08-01T05:45:00.000000,2024-08-01T06:11:00.000000,2024-08-01,0,780,780
63075088,2560,28,,A66-325,66,BUS32024-hba34ns1-Weekday-02,66-6-0,1,0,Outbound,Harvard Square,N Harvard St @ Kingsley St,33,20700,2024-08-01T05:45:00.000000,2024-08-01T06:12:00.000000,2024-08-01,60,840,840
63075088,2561,29,nhvws,A66-325,66,BUS32024-hba34ns1-Weekday-02,66-6-0,1,0,Outbound,Harvard Square,N Harvard St @ Western Ave,33,20700,2024-08-01T05:45:00.000000,2024-08-01T06:13:00.000000,2024-08-01,60,840,840
63075088,2564,30,,A66-325,66,BUS32024-hba34ns1-Weekday-02,66-6-0,1,0,Outbound,Harvard Square,N Harvard St opp Harvard Stadium Gate 2,33,20700,2024-08-01T05:45:00.000000,2024-08-01T06:16:00.000000,2024-08-01,180,840,840
63075088,25641,31,,A66-325,66,BUS32024-hba34ns1-Weekday-02,66-6-0,1,0,Outbound,Harvard Square,JFK St @ Eliot St,33,20700,2024-08-01T05:45:00.000000,2024-08-01T06:18:00.000000,2024-08-01,120,840,840
63075088,2168,32,,A66-325,66,BUS32024-hba34ns1-Weekday-02,66-6-0,1,0,Outbound,Harvard Square,Massachusetts Ave @ Johnston Gate,33,20700,2024-08-01T05:45:00.000000,2024-08-01T06:21:00.000000,2024-08-01,180,840,840
63075088,22549,33,harsq,A66-325,66,BUS32024-hba34ns1-Weekday-02,66-6-0,1,0,Outbound,Harvard Square,Harvard Sq @ Garden St - Dawes Island,33,20700,2024-08-01T05:45:00.000000,2024-08-01T06:22:00.000000,2024-08-01,60,840,840
63089353,32002,1,qnctr,Q222-59,216,BUS32024-hbq34ns1-Weekday-02,216-2-0,1,0,Outbound,Houghs Neck,Quincy Center,53,72900,2024-08-01T20:15:00.000000,2024-08-01T20:15:00.000000,2024-08-01,,900,900
63089353,3237,2,,Q222-59,216,BUS32024-hbq34ns1-Weekday-02,216-2-0,1,0,Outbound,Houghs Neck,Coddington St @ Washington St,53,72900,2024-08-01T20:15:00.000000,2024-08-01T20:16:00.000000,2024-08-01,60,900,900
63089353,3239,3,codwd,Q222-59,216,BUS32024-hbq34ns1-Weekday-02,216-2-0,1,0,Outbound,Houghs Neck,Coddington St @ Quincy YMCA,53,72900,2024-08-01T20:15:00.000000,2024-08-01T20:17:00.000000,2024-08-01,60,900,900
63089353,3425,4,,Q222-59,216,BUS32024-hbq34ns1-Weekday-02,216-2-0,1,0,Outbound,Houghs Neck,Coddington St @ Southern Artery,53,72900,2024-08-01T20:15:00.000000,2024-08-01T20:18:00.000000,2024-08-01,60,900,900
63089353,3240,5,sosea,Q222-59,216,BUS32024-hbq34ns1-Weekday-02,216-2-0,1,0,Outbound,Houghs Neck,55 Sea St,53,72900,2024-08-01T20:15:00.000000,2024-08-01T20:19:00.000000,2024-08-01,60,900,900
63089353,3241,6,,Q222-59,216,BUS32024-hbq34ns1-Weekday-02,216-2-0,1,0,Outbound,Houghs Neck,Sea St opp Overlook Rd,53,72900,2024-08-01T20:15:00.000000,2024-08-01T20:20:00.000000,2024-08-01,60,900,900
63089353,3242,7,,Q222-59,216,BUS32024-hbq34ns1-Weekday-02,216-2-0,1,0,Outbound,Houghs Neck,Sea St opp Samoset Ave,53,72900,2024-08-01T20:15:00.000000,2024-08-01T20:20:00.000000,2024-08-01,0,900,900
63089353,3243,8,,Q222-59,216,BUS32024-hbq34ns1-Weekday-02,216-2-0,1,0,Outbound,Houghs Neck,227 Sea St,53,72900,2024-08-01T20:15:00.000000,2024-08-01T20:20:00.000000,2024-08-01,0,900,900
63089353,3244,9,,Q222-59,216,BUS32024-hbq34ns1-Weekday-02,216-2-0,1,0,Outbound,Houghs Neck,Sea St @ Barbour Terr,53,72900,2024-08-01T20:15:00.000000,2024-08-01T20:21:00.000000,2024-08-01,60,900,900
63089353,13245,10,,Q222-59,216,BUS32024-hbq34ns1-Weekday-02,216-2-0,1,0,Outbound,Houghs Neck,Sea St @ Moffat Rd,53,72900,2024-08-01T20:15:00.000000,2024-08-01T20:21:00.000000,2024-08-01,0,900,900
63089353,3245,11,,Q222-59,216,BUS32024-hbq34ns1-Weekday-02,216-2-0,1,0,Outbound,Houghs Neck,405 Sea St,53,72900,2024-08-01T20:15:00.000000,2024-08-01T20:21:00.000000,2024-08-01,0,900,900
63089353,3246,12,,Q222-59,216,BUS32024-hbq34ns1-Weekday-02,216-2-0,1,0,Outbound,Houghs Neck,455 Sea St,53,72900,2024-08-01T20:15:00.000000,2024-08-01T20:21:00.000000,2024-08-01,0,900,900
63089353,3247,13,,Q222-59,216,BUS32024-hbq34ns1-Weekday-02,216-2-0,1,0,Outbound,Houghs Neck,Sea St @ Braintree Ave,53,72900,2024-08-01T20:15:00.000000,2024-08-01T20:22:00.000000,2024-08-01,60,900,900
63089353,3292,14,seast,Q222-59,216,BUS32024-hbq34ns1-Weekday-02,216-2-0,1,0,Outbound,Houghs Neck,Palmer St @ Sea St,53,72900,2024-08-01T20:15:00.000000,2024-08-01T20:22:00.000000,2024-08-01,0,900,900
63089353,3295,15,,Q222-59,216,BUS32024-hbq34ns1-Weekday-02,216-2-0,1,0,Outbound,Houghs Neck,Palmer St @ Oakwood Rd,53,72900,2024-08-01T20:15:00.000000,2024-08-01T20:23:00.000000,2024-08-01,60,900,900
63089353,3298,16,,Q222-59,216,BUS32024-hbq34ns1-Weekday-02,216-2-0,1,0,Outbound,Houghs Neck,Palmer St @ Forbush Ave,53,72900,2024-08-01T20:15:00.000000,2024-08-01T20:24:00.000000,2024-08-01,60,900,900
63089353,3299,17,,Q222-59,216,BUS32024-hbq34ns1-Weekday-02,216-2-0,1,0,Outbound,Houghs Neck,Palmer St opp Brockton Ave,53,72900,2024-08-01T20:15:00.000000,2024-08-01T20:24:00.000000,2024-08-01,0,900,900
63089353,3300,18,,Q222-59,216,BUS32024-hbq34ns1-Weekday-02,216-2-0,1,0,Outbound,Houghs Neck,Palmer St opp Roach St,53,72900,2024-08-01T20:15:00.000000,2024-08-01T20:24:00.000000,2024-08-01,0,900,900
63089353,3301,19,,Q222-59,216,BUS32024-hbq34ns1-Weekday-02,216-2-0,1,0,Outbound,Houghs Neck,Palmer St opp Bowes Ave,53,72900,2024-08-01T20:15:00.000000,2024-08-01T20:24:00.000000,2024-08-01,0,900,900
63089353,3303,20,,Q222-59,216,BUS32024-hbq34ns1-Weekday-02,216-2-0,1,0,Outbound,Houghs Neck,375 Palmer St,53,72900,2024-08-01T20:15:00.000000,2024-08-01T20:25:00.000000,2024-08-01,60,900,900
63089353,3304,21,,Q222-59,216,BUS32024-hbq34ns1-Weekday-02,216-2-0,1,0,Outbound,Houghs Neck,Palmer St @ Taffrail Rd,53,72900,2024-08-01T20:15:00.000000,2024-08-01T20:26:00.000000,2024-08-01,60,900,900
63089353,3305,22,grmnt,Q222-59,216,BUS32024-hbq34ns1-Weekday-02,216-2-0,1,0,Outbound,Houghs Neck,26 Taffrail Rd,53,72900,2024-08-01T20:15:00.000000,2024-08-01T20:26:00.000000,2024-08-01,0,900,900
63089353,3306,23,,Q222-59,216,BUS32024-hbq34ns1-Weekday-02,216-2-0,1,0,Outbound,Houghs Neck,Taffrail Rd @ Bicknell St,53,72900,2024-08-01T20:15:00.000000,2024-08-01T20:26:00.000000,2024-08-01,0,900,900
63089353,3307,24,,Q222-59,216,BUS32024-hbq34ns1-Weekday-02,216-2-0,1,0,Outbound,Houghs Neck,Bicknell St @ O'Brien Towers Driveway,53,72900,2024-08-01T20:15:00.000000,2024-08-01T20:26:00.000000,2024-08-01,0,900,900
63089353,3308,25,,Q222-59,216,BUS32024-hbq34ns1-Weekday-02,216-2-0,1,0,Outbound,Houghs Neck,O'Brien Towers,53,72900,2024-08-01T20:15:00.000000,2024-08-01T20:27:00.000000,2024-08-01,60,900,900
63089353,3309,26,,Q222-59,216,BUS32024-hbq34ns1-Weekday-02,216-2-0,1,0,Outbound,Houghs Neck,O'Brien Towers Driveway @ Bicknell St,53,72900,2024-08-01T20:15:00.000000,2024-08-01T20:27:00.000000,2024-08-01,0,900,900
63089353,3310,27,,Q222-59,216,BUS32024-hbq34ns1-Weekday-02,216-2-0,1,0,Outbound,Houghs Neck,Bicknell St @ Binnacle Lane,53,72900,2024-08-01T20:15:00.000000,2024-08-01T20:27:00.000000,2024-08-01,0,900,900
63089353,3311,28,,Q222-59,216,BUS32024-hbq34ns1-Weekday-02,216-2-0,1,0,Outbound,Houghs Neck,Bicknell St @ Yardarm Ln,53,72900,2024-08-01T20:15:00.000000,2024-08-01T20:28:00.000000,2024-08-01,60,900,900
63089353,3312,29,,Q222-59,216,BUS32024-hbq34ns1-Weekday-02,216-2-0,1,0,Outbound,Houghs Neck,Palmer St @ Shed St,53,72900,2024-08-01T20:15:00.000000,2024-08-01T20:28:00.000000,2024-08-01,0,900,900
63089353,3314,30,,Q222-59,216,BUS32024-hbq34ns1-Weekday-02,216-2-0,1,0,Outbound,Houghs Neck,Palmer St @ Bowes Ave,53,72900,2024-08-01T20:15:00.000000,2024-08-01T20:29:00.000000,2024-08-01,60,900,900
63089353,3315,31,,Q222-59,216,BUS32024-hbq34ns1-Weekday-02,216-2-0,1,0,Outbound,Houghs Neck,Palmer St @ Roach St,53,72900,2024-08-01T20:15:00.000000,2024-08-01T20:29:00.000000,2024-08-01,0,900,900
63089353,3316,32,,Q222-59,216,BUS32024-hbq34ns1-Weekday-02,216-2-0,1,0,Outbound,Houghs Neck,Palmer St @ Brockton Ave,53,72900,2024-08-01T20:15:00.000000,2024-08-01T20:29:00.000000,2024-08-01,0,900,900
63089353,3317,33,,Q222-59,216,BUS32024-hbq34ns1-Weekday-02,216-2-0,1,0,Outbound,Houghs Neck,Palmer St @ Empire St,53,72900,2024-08-01T20:15:00.000000,2024-08-01T20:30:00.000000,2024-08-01,60,900,900
63089353,3320,34,,Q222-59,216,BUS32024-hbq34ns1-Weekday-02,216-2-0,1,0,Outbound,Houghs Neck,Palmer St opp Oakwood Rd,53,72900,2024-08-01T20:15:00.000000,2024-08-01T20:30:00.000000,2024-08-01,0,900,900
63089353,3321,35,,Q222-59,216,BUS32024-hbq34ns1-Weekday-02,216-2-0,1,0,Outbound,Houghs Neck,Palmer St opp Wilgus Rd,53,72900,2024-08-01T20:15:00.000000,2024-08-01T20:30:00.000000,2024-08-01,0,900,900
63089353,3322,36,,Q222-59,216,BUS32024-hbq34ns1-Weekday-02,216-2-0,1,0,Outbound,Houghs Neck,Palmer St opp Utica St,53,72900,2024-08-01T20:15:00.000000,2024-08-01T20:31:00.000000,2024-08-01,60,900,900
63089353,3323,37,,Q222-59,216,BUS32024-hbq34ns1-Weekday-02,216-2-0,1,0,Outbound,Houghs Neck,Palmer St @ Sea St,53,72900,2024-08-01T20:15:00.000000,2024-08-01T20:31:00.000000,2024-08-01,0,900,900
63089353,3249,38,,Q222-59,216,BUS32024-hbq34ns1-Weekday-02,216-2-0,1,0,Outbound,Houghs Neck,565 Sea St,53,72900,2024-08-01T20:15:00.000000,2024-08-01T20:31:00.000000,2024-08-01,0,900,900
63089353,3250,39,,Q222-59,216,BUS32024-hbq34ns1-Weekday-02,216-2-0,1,0,Outbound,Houghs Neck,Sea St @ Lee St,53,72900,2024-08-01T20:15:00.000000,2024-08-01T20:32:00.000000,2024-08-01,60,900,900
63089353,3251,40,,Q222-59,216,BUS32024-hbq34ns1-Weekday-02,216-2-0,1,0,Outbound,Houghs Neck,Opp 700 Sea St,53,72900,2024-08-01T20:15:00.000000,2024-08-01T20:33:00.000000,2024-08-01,60,900,900
63089353,3252,41,,Q222-59,216,BUS32024-hbq34ns1-Weekday-02,216-2-0,1,0,Outbound,Houghs Neck,749 Sea St,53,72900,2024-08-01T20:15:00.000000,2024-08-01T20:33:00.000000,2024-08-01,0,900,900
63089353,3253,42,,Q222-59,216,BUS32024-hbq34ns1-Weekday-02,216-2-0,1,0,Outbound,Houghs Neck,Sea St @ Babcock St,53,72900,2024-08-01T20:15:00.000000,2024-08-01T20:34:00.000000,2024-08-01,60,900,900
63089353,3254,43,,Q222-59,216,BUS32024-hbq34ns1-Weekday-02,216-2-0,1,0,Outbound,Houghs Neck,Sea St opp Manet Ave,53,72900,2024-08-01T20:15:00.000000,2024-08-01T20:34:00.000000,2024-08-01,0,900,900
63089353,3255,44,,Q222-59,216,BUS32024-hbq34ns1-Weekday-02,216-2-0,1,0,Outbound,Houghs Neck,Sea St opp Newton St,53,72900,2024-08-01T20:15:00.000000,2024-08-01T20:34:00.000000,2024-08-01,0,900,900
63089353,3256,45,,Q222-59,216,BUS32024-hbq34ns1-Weekday-02,216-2-0,1,0,Outbound,Houghs Neck,Sea St opp Malvern St,53,72900,2024-08-01T20:15:00.000000,2024-08-01T20:35:00.000000,2024-08-01,60,900,900
63089353,3257,46,,Q222-59,216,BUS32024-hbq34ns1-Weekday-02,216-2-0,1,0,Outbound,Houghs Neck,Sea St @ Rockland St,53,72900,2024-08-01T20:15:00.000000,2024-08-01T20:35:00.000000,2024-08-01,0,900,900
63089353,3258,47,,Q222-59,216,BUS32024-hbq34ns1-Weekday-02,216-2-0,1,0,Outbound,Houghs Neck,Sea St @ Darrow St,53,72900,2024-08-01T20:15:00.000000,2024-08-01T20:35:00.000000,2024-08-01,0,900,900
63089353,3259,48,,Q222-59,216,BUS32024-hbq34ns1-Weekday-02,216-2-0,1,0,Outbound,Houghs Neck,Sea St @ Manet Ave,53,72900,2024-08-01T20:15:00.000000,2024-08-01T20:36:00.000000,2024-08-01,60,900,900
63089353,3260,49,,Q222-59,216,BUS32024-hbq34ns1-Weekday-02,216-2-0,1,0,Outbound,Houghs Neck,Sea St @ Wall St,53,72900,2024-08-01T20:15:00.000000,2024-08-01T20:37:00.000000,2024-08-01,60,900,900
63089353,3261,50,,Q222-59,216,BUS32024-hbq34ns1-Weekday-02,216-2-0,1,0,Outbound,Houghs Neck,Sea St @ Bell St,53,72900,2024-08-01T20:15:00.000000,2024-08-01T20:37:00.000000,2024-08-01,0,900,900
63089353,3262,51,,Q222-59,216,BUS32024-hbq34ns1-Weekday-02,216-2-0,1,0,Outbound,Houghs Neck,Sea St @ Thomas St,53,72900,2024-08-01T20:15:00.000000,2024-08-01T20:37:00.000000,2024-08-01,0,900,900
63089353,3263,52,,Q222-59,216,BUS32024-hbq34ns1-Weekday-02,216-2-0,1,0,Outbound,Houghs Neck,1263 Sea St,53,72900,2024-08-01T20:15:00.000000,2024-08-01T20:37:00.000000,2024-08-01,0,900,900
63089353,3265,53,hsnck,Q222-59,216,BUS32024-hbq34ns1-Weekday-02,216-2-0,1,0,Outbound,Houghs Neck,Sea St @ Fensmere Ave,53,72900,2024-08-01T20:15:00.000000,2024-08-01T20:38:00.000000,2024-08-01,60,900,900
63101043,5072,1,malst,F101-47,101,BUS32024-hbf34ns1-Weekday-02,101-3-1,1,1,Inbound,Sullivan Square Station,Malden Center,39,43200,2024-08-01T12:00:00.000000,2024-08-01T12:00:00.000000,2024-08-01,,1200,1200
63101043,5328,2,,F101-47,101,BUS32024-hbf34ns1-Weekday-02,101-3-1,1,1,Inbound,Sullivan Square Station,Pleasant St @ Elm St,39,43200,2024-08-01T12:00:00.000000,2024-08-01T12:01:00.000000,2024-08-01,60,1200,1200
63101043,9028,3,,F101-47,101,BUS32024-hbf34ns1-Weekday-02,101-3-1,1,1,Inbound,Sullivan Square Station,Pleasant St opp Russell St,39,43200,2024-08-01T12:00:00.000000,2024-08-01T12:02:00.000000,2024-08-01,60,1200,1200
63101043,5330,4,,F101-47,101,BUS32024-hbf34ns1-Weekday-02,101-3-1,1,1,Inbound,Sullivan Square Station,Pleasant St @ Prospect St,39,43200,2024-08-01T12:00:00.000000,2024-08-01T12:02:00.000000,2024-08-01,0,1200,1200
63101043,5331,5,,F101-47,101,BUS32024-hbf34ns1-Weekday-02,101-3-1,1,1,Inbound,Sullivan Square Station,Pleasant St opp West St,39,43200,2024-08-01T12:00:00.000000,2024-08-01T12:03:00.000000,2024-08-01,60,1200,1200
63101043,45332,6,,F101-47,101,BUS32024-hbf34ns1-Weekday-02,101-3-1,1,1,Inbound,Sullivan Square Station,Pleasant St @ Vista St,39,43200,2024-08-01T12:00:00.000000,2024-08-01T12:03:00.000000,2024-08-01,0,1200,1200
63101043,5332,7,,F101-47,101,BUS32024-hbf34ns1-Weekday-02,101-3-1,1,1,Inbound,Sullivan Square Station,Pleasant St @ Fellsway E,39,43200,2024-08-01T12:00:00.000000,2024-08-01T12:03:00.000000,2024-08-01,0,1200,1200
63101043,8308,8,,F101-47,101,BUS32024-hbf34ns1-Weekday-02,101-3-1,1,1,Inbound,Sullivan Square Station,Salem St @ Fellsway W,39,43200,2024-08-01T12:00:00.000000,2024-08-01T12:04:00.000000,2024-08-01,60,1200,1200
63101043,5282,9,fells,F101-47,101,BUS32024-hbf34ns1-Weekday-02,101-3-1,1,1,Inbound,Sullivan Square Station,Salem St @ Grant Ave,39,43200,2024-08-01T12:00:00.000000,2024-08-01T12:05:00.000000,2024-08-01,60,1200,1200
63101043,5283,10,,F101-47,101,BUS32024-hbf34ns1-Weekday-02,101-3-1,1,1,Inbound,Sullivan Square Station,390 Salem St,39,43200,2024-08-01T12:00:00.000000,2024-08-01T12:05:00.000000,2024-08-01,0,1200,1200
63101043,5284,11,,F101-47,101,BUS32024-hbf34ns1-Weekday-02,101-3-1,1,1,Inbound,Sullivan Square Station,Salem St @ Almont St,39,43200,2024-08-01T12:00:00.000000,2024-08-01T12:06:00.000000,2024-08-01,60,1200,1200
63101043,5285,12,,F101-47,101,BUS32024-hbf34ns1-Weekday-02,101-3-1,1,1,Inbound,Sullivan Square Station,Salem St @ Paris St,39,43200,2024-08-01T12:00:00.000000,2024-08-01T12:06:00.000000,2024-08-01,0,1200,1200
63101043,5286,13,,F101-47,101,BUS32024-hbf34ns1-Weekday-02,101-3-1,1,1,Inbound,Sullivan Square Station,Salem St @ Court St,39,43200,2024-08-01T12:00:00.000000,2024-08-01T12:07:00.000000,2024-08-01,60,1200,1200
63101043,5287,14,,F101-47,101,BUS32024-hbf34ns1-Weekday-02,101-3-1,1,1,Inbound,Sullivan Square Station,Salem St @ Allen Ct,39,43200,2024-08-01T12:00:00.000000,2024-08-01T12:08:00.000000,2024-08-01,60,1200,1200
63101043,5002,15,medfd,F101-47,101,BUS32024-hbf34ns1-Weekday-02,101-3-1,1,1,Inbound,Sullivan Square Station,Salem St opp River St,39,43200,2024-08-01T12:00:00.000000,2024-08-01T12:10:00.000000,2024-08-01,120,1200,1200
63101043,5031,16,,F101-47,101,BUS32024-hbf34ns1-Weekday-02,101-3-1,1,1,Inbound,Sullivan Square Station,Main St @ High St,39,43200,2024-08-01T12:00:00.000000,2024-08-01T12:10:00.000000,2024-08-01,0,1200,1200
63101043,5032,17,,F101-47,101,BUS32024-hbf34ns1-Weekday-02,101-3-1,1,1,Inbound,Sullivan Square Station,Main St @ Emerson St,39,43200,2024-08-01T12:00:00.000000,2024-08-01T12:11:00.000000,2024-08-01,60,1200,1200
63101043,5290,18,,F101-47,101,BUS32024-hbf34ns1-Weekday-02,101-3-1,1,1,Inbound,Sullivan Square Station,Main St @ Summer St,39,43200,2024-08-01T12:00:00.000000,2024-08-01T12:11:00.000000,2024-08-01,0,1200,1200
63101043,5291,19,mngrg,F101-47,101,BUS32024-hbf34ns1-Weekday-02,101-3-1,1,1,Inbound,Sullivan Square Station,Main St @ George St,39,43200,2024-08-01T12:00:00.000000,2024-08-01T12:11:00.000000,2024-08-01,0,1200,1200
63101043,5292,20,,F101-47,101,BUS32024-hbf34ns1-Weekday-02,101-3-1,1,1,Inbound,Sullivan Square Station,Main St @ Stearns Ave,39,43200,2024-08-01T12:00:00.000000,2024-08-01T12:12:00.000000,2024-08-01,60,1200,1200
63101043,5293,21,,F101-47,101,BUS32024-hbf34ns1-Weekday-02,101-3-1,1,1,Inbound,Sullivan Square Station,Main St @ Windsor Rd,39,43200,2024-08-01T12:00:00.000000,2024-08-01T12:12:00.000000,2024-08-01,0,1200,1200
63101043,5294,22,,F101-47,101,BUS32024-hbf34ns1-Weekday-02,101-3-1,1,1,Inbound,Sullivan Square Station,Main St @ Wellesley St,39,43200,2024-08-01T12:00:00.000000,2024-08-01T12:13:00.000000,2024-08-01,60,1200,1200
63101043,5295,23,,F101-47,101,BUS32024-hbf34ns1-Weekday-02,101-3-1,1,1,Inbound,Sullivan Square Station,Main St @ Princeton St,39,43200,2024-08-01T12:00:00.000000,2024-08-01T12:13:00.000000,2024-08-01,0,1200,1200
63101043,5296,24,,F101-47,101,BUS32024-hbf34ns1-Weekday-02,101-3-1,1,1,Inbound,Sullivan Square Station,Main St @ Harvard St,39,43200,2024-08-01T12:00:00.000000,2024-08-01T12:14:00.000000,2024-08-01,60,1200,1200
63101043,5297,25,,F101-47,101,BUS32024-hbf34ns1-Weekday-02,101-3-1,1,1,Inbound,Sullivan Square Station,Main St @ Marion St,39,43200,2024-08-01T12:00:00.000000,2024-08-01T12:14:00.000000,2024-08-01,0,1200,1200
63101043,5298,26,tufts,F101-47,101,BUS32024-hbf34ns1-Weekday-02,101-3-1,1,1,Inbound,Sullivan Square Station,Main St @ Medford St,39,43200,2024-08-01T12:00:00.000000,2024-08-01T12:15:00.000000,2024-08-01,60,1200,1200
63101043,5299,27,,F101-47,101,BUS32024-hbf34ns1-Weekday-02,101-3-1,1,1,Inbound,Sullivan Square Station,Main St @ Albion St,39,43200,2024-08-01T12:00:00.000000,2024-08-01T12:16:00.000000,2024-08-01,60,1200,1200
63101043,5300,28,,F101-47,101,BUS32024-hbf34ns1-Weekday-02,101-3-1,1,1,Inbound,Sullivan Square Station,Main St @ Dexter St,39,43200,2024-08-01T12:00:00.000000,2024-08-01T12:17:00.000000,2024-08-01,60,1200,1200
63101043,5301,29,,F101-47,101,BUS32024-hbf34ns1-Weekday-02,101-3-1,1,1,Inbound,Sullivan Square Station,Main St @ Bow St,39,43200,2024-08-01T12:00:00.000000,2024-08-01T12:18:00.000000,2024-08-01,60,1200,1200
63101043,5302,30,,F101-47,101,BUS32024-hbf34ns1-Weekday-02,101-3-1,1,1,Inbound,Sullivan Square Station,Main St opp Moreland St,39,43200,2024-08-01T12:00:00.000000,2024-08-01T12:18:00.000000,2024-08-01,0,1200,1200
63101043,5303,31,whill,F101-47,101,BUS32024-hbf34ns1-Weekday-02,101-3-1,1,1,Inbound,Sullivan Square Station,Main St @ Broadway,39,43200,2024-08-01T12:00:00.000000,2024-08-01T12:19:00.000000,2024-08-01,60,1200,1200
63101043,2704,32,,F101-47,101,BUS32024-hbf34ns1-Weekday-02,101-3-1,1,1,Inbound,Sullivan Square Station,Broadway @ Thurston St,39,43200,2024-08-01T12:00:00.000000,2024-08-01T12:20:00.000000,2024-08-01,60,1200,600
63101043,2706,33,,F101-47,101,BUS32024-hbf34ns1-Weekday-02,101-3-1,1,1,Inbound,Sullivan Square Station,Broadway @ Marshall St,39,43200,2024-08-01T12:00:00.000000,2024-08-01T12:21:00.000000,2024-08-01,60,1200,600
63101043,2707,34,,F101-47,101,BUS32024-hbf34ns1-Weekday-02,101-3-1,1,1,Inbound,Sullivan Square Station,Broadway @ Montgomery Ave,39,43200,2024-08-01T12:00:00.000000,2024-08-01T12:22:00.000000,2024-08-01,60,1200,600
63101043,2710,35,,F101-47,101,BUS32024-hbf34ns1-Weekday-02,101-3-1,1,1,Inbound,Sullivan Square Station,Broadway @ Cross St,39,43200,2024-08-01T12:00:00.000000,2024-08-01T12:24:00.000000,2024-08-01,120,1200,600
63101043,2711,36,,F101-47,101,BUS32024-hbf34ns1-Weekday-02,101-3-1,1,1,Inbound,Sullivan Square Station,Broadway @ Glen St,39,43200,2024-08-01T12:00:00.000000,2024-08-01T12:25:00.000000,2024-08-01,60,1200,600
63101043,2713,37,,F101-47,101,BUS32024-hbf34ns1-Weekday-02,101-3-1,1,1,Inbound,Sullivan Square Station,Broadway @ Lincoln St,39,43200,2024-08-01T12:00:00.000000,2024-08-01T12:26:00.000000,2024-08-01,60,1200,600
63101043,2714,38,,F101-47,101,BUS32024-hbf34ns1-Weekday-02,101-3-1,1,1,Inbound,Sullivan Square Station,Broadway @ Mt Vernon St,39,43200,2024-08-01T12:00:00.000000,2024-08-01T12:27:00.000000,2024-08-01,60,1200,60
63101043,29001,39,sull,F101-47,101,BUS32024-hbf34ns1-Weekday-02,101-3-1,1,1,Inbound,Sullivan Square Station,Sullivan Square,39,43200,2024-08-01T12:00:00.000000,2024-08-01T12:28:00.000000,2024-08-01,60,1200,0
63156984,141,1,alewf,T67-22,67,BUS32024-hbt34ns1-Weekday-02,67-4-0,1,0,Outbound,Turkey Hill,Alewife,21,40200,2024-08-01T11:10:00.000000,2024-08-01T11:10:00.000000,2024-08-01,,3000,3000
63156984,2482,2,,T67-22,67,BUS32024-hbt34ns1-Weekday-02,67-4-0,1,0,Outbound,Turkey Hill,West Service Rd @ Lake St,21,40200,2024-08-01T11:10:00.000000,2024-08-01T11:13:00.000000,2024-08-01,180,3000,3000
63156984,23530,3,,T67-22,67,BUS32024-hbt34ns1-Weekday-02,67-4-0,1,0,Outbound,Turkey Hill,244 Pleasant St opp Brunswick Rd,21,40200,2024-08-01T11:10:00.000000,2024-08-01T11:15:00.000000,2024-08-01,120,3000,3000
63156984,23531,4,,T67-22,67,BUS32024-hbt34ns1-Weekday-02,67-4-0,1,0,Outbound,Turkey Hill,Pleasant St @ Gould Rd,21,40200,2024-08-01T11:10:00.000000,2024-08-01T11:15:00.000000,2024-08-01,0,3000,3000
63156984,23532,5,,T67-22,67,BUS32024-hbt34ns1-Weekday-02,67-4-0,1,0,Outbound,Turkey Hill,Pleasant St @ Spring Valley St,21,40200,2024-08-01T11:10:00.000000,2024-08-01T11:16:00.000000,2024-08-01,60,3000,3000
63156984,23533,6,,T67-22,67,BUS32024-hbt34ns1-Weekday-02,67-4-0,1,0,Outbound,Turkey Hill,Pleasant St @ Wellington St,21,40200,2024-08-01T11:10:00.000000,2024-08-01T11:16:00.000000,2024-08-01,0,3000,3000
63156984,2283,7,arlct,T67-22,67,BUS32024-hbt34ns1-Weekday-02,67-4-0,1,0,Outbound,Turkey Hill,Massachusetts Ave @ Mystic St,21,40200,2024-08-01T11:10:00.000000,2024-08-01T11:17:00.000000,2024-08-01,60,3000,3000
63156984,2284,8,,T67-22,67,BUS32024-hbt34ns1-Weekday-02,67-4-0,1,0,Outbound,Turkey Hill,Massachusetts Ave @ Central St,21,40200,2024-08-01T11:10:00.000000,2024-08-01T11:18:00.000000,2024-08-01,60,3000,3000
63156984,7976,9,,T67-22,67,BUS32024-hbt34ns1-Weekday-02,67-4-0,1,0,Outbound,Turkey Hill,Mill St @ Bacon St,21,40200,2024-08-01T11:10:00.000000,2024-08-01T11:18:00.000000,2024-08-01,0,3000,3000
63156984,7977,10,,T67-22,67,BUS32024-hbt34ns1-Weekday-02,67-4-0,1,0,Outbound,Turkey Hill,Summer St @ Winthrop Rd,21,40200,2024-08-01T11:10:00.000000,2024-08-01T11:19:00.000000,2024-08-01,60,3000,3000
63156984,7978,11,,T67-22,67,BUS32024-hbt34ns1-Weekday-02,67-4-0,1,0,Outbound,Turkey Hill,Summer St @ Oak Hill Dr,21,40200,2024-08-01T11:10:00.000000,2024-08-01T11:20:00.000000,2024-08-01,60,3000,3000
63156984,7979,12,,T67-22,67,BUS32024-hbt34ns1-Weekday-02,67-4-0,1,0,Outbound,Turkey Hill,Summer St @ Symmes Rd,21,40200,2024-08-01T11:10:00.000000,2024-08-01T11:21:00.000000,2024-08-01,60,3000,3000
63156984,7981,13,,T67-22,67,BUS32024-hbt34ns1-Weekday-02,67-4-0,1,0,Outbound,Turkey Hill,Symmes Circle @ Symmes Rd,21,40200,2024-08-01T11:10:00.000000,2024-08-01T11:23:00.000000,2024-08-01,120,3000,3000
63156984,7953,14,,T67-22,67,BUS32024-hbt34ns1-Weekday-02,67-4-0,1,0,Outbound,Turkey Hill,Summer St opp Washington St,21,40200,2024-08-01T11:10:00.000000,2024-08-01T11:26:00.000000,2024-08-01,180,3000,3000
63156984,7954,15,,T67-22,67,BUS32024-hbt34ns1-Weekday-02,67-4-0,1,0,Outbound,Turkey Hill,Washington St @ Candia St,21,40200,2024-08-01T11:10:00.000000,2024-08-01T11:26:00.000000,2024-08-01,0,3000,3000
63156984,7955,16,,T67-22,67,BUS32024-hbt34ns1-Weekday-02,67-4-0,1,0,Outbound,Turkey Hill,Washington St @ Ronald Rd,21,40200,2024-08-01T11:10:00.000000,2024-08-01T11:27:00.000000,2024-08-01,60,3000,3000
63156984,7956,17,,T67-22,67,BUS32024-hbt34ns1-Weekday-02,67-4-0,1,0,Outbound,Turkey Hill,Washington St @ Mountain Ave,21,40200,2024-08-01T11:10:00.000000,2024-08-01T11:28:00.000000,2024-08-01,60,3000,3000
63156984,7959,18,,T67-22,67,BUS32024-hbt34ns1-Weekday-02,67-4-0,1,0,Outbound,Turkey Hill,Clyde Terr @ Lawrence Ln,21,40200,2024-08-01T11:10:00.000000,2024-08-01T11:29:00.000000,2024-08-01,60,3000,3000
63156984,7960,19,,T67-22,67,BUS32024-hbt34ns1-Weekday-02,67-4-0,1,0,Outbound,Turkey Hill,Forest St @ Thomas St,21,40200,2024-08-01T11:10:00.000000,2024-08-01T11:30:00.000000,2024-08-01,60,3000,3000
63156984,7962,20,,T67-22,67,BUS32024-hbt34ns1-Weekday-02,67-4-0,1,0,Outbound,Turkey Hill,Forest St @ Hancock St,21,40200,2024-08-01T11:10:00.000000,2024-08-01T11:31:00.000000,2024-08-01,60,3000,3000
63156984,7961,21,trkhl,T67-22,67,BUS32024-hbt34ns1-Weekday-02,67-4-0,1,0,Outbound,Turkey Hill,Forest St @ Heard Rd,21,40200,2024-08-01T11:10:00.000000,2024-08-01T11:31:00.000000,2024-08-01,0,3000,3000
63157369,20761,1,bally,T71-68,71,BUS32024-hbt34ns1-Weekday-02,71-2-0,1,0,Outbound,Watertown Square,Harvard,22,40620,2024-08-01T11:17:00.000000,2024-08-01T11:17:00.000000,2024-08-01,,960,960
63157369,2020,2,mtsty,T71-68,71,BUS32024-hbt34ns1-Weekday-02,71-2-0,1,0,Outbound,Watertown Square,Mt Auburn St @ Story St,22,40620,2024-08-01T11:17:00.000000,2024-08-01T11:19:00.000000,2024-08-01,120,960,960
63157369,2021,3,,T71-68,71,BUS32024-hbt34ns1-Weekday-02,71-2-0,1,0,Outbound,Watertown Square,Mt Auburn St @ Ash St,22,40620,2024-08-01T11:17:00.000000,2024-08-01T11:20:00.000000,2024-08-01,60,960,960
63157369,2023,4,,T71-68,71,BUS32024-hbt34ns1-Weekday-02,71-2-0,1,0,Outbound,Watertown Square,Mt Auburn St @ Sparks St,22,40620,2024-08-01T11:17:00.000000,2024-08-01T11:21:00.000000,2024-08-01,60,960,960
63157369,2025,5,mthsp,T71-68,71,BUS32024-hbt34ns1-Weekday-02,71-2-0,1,0,Outbound,Watertown Square,Mt Auburn St @ Longfellow Rd,22,40620,2024-08-01T11:17:00.000000,2024-08-01T11:22:00.000000,2024-08-01,60,960,960
63157369,2026,6,,T71-68,71,BUS32024-hbt34ns1-Weekday-02,71-2-0,1,0,Outbound,Watertown Square,Mt Auburn St @ Traill St,22,40620,2024-08-01T11:17:00.000000,2024-08-01T11:23:00.000000,2024-08-01,60,960,960
63157369,2027,7,,T71-68,71,BUS32024-hbt34ns1-Weekday-02,71-2-0,1,0,Outbound,Watertown Square,Mt Auburn St opp Coolidge Ave,22,40620,2024-08-01T11:17:00.000000,2024-08-01T11:24:00.000000,2024-08-01,60,960,960
63157369,2028,8,,T71-68,71,BUS32024-hbt34ns1-Weekday-02,71-2-0,1,0,Outbound,Watertown Square,Mt Auburn St @ Brattle St,22,40620,2024-08-01T11:17:00.000000,2024-08-01T11:25:00.000000,2024-08-01,60,960,960
63157369,2030,9,mtaub,T71-68,71,BUS32024-hbt34ns1-Weekday-02,71-2-0,1,0,Outbound,Watertown Square,Mt Auburn St @ Homer Ave,22,40620,2024-08-01T11:17:00.000000,2024-08-01T11:26:00.000000,2024-08-01,60,960,960
63157369,2032,10,,T71-68,71,BUS32024-hbt34ns1-Weekday-02,71-2-0,1,0,Outbound,Watertown Square,Mt Auburn St @ Saint Marys St,22,40620,2024-08-01T11:17:00.000000,2024-08-01T11:27:00.000000,2024-08-01,60,960,960
63157369,2033,11,,T71-68,71,BUS32024-hbt34ns1-Weekday-02,71-2-0,1,0,Outbound,Watertown Square,Mt Auburn St @ Keenan St,22,40620,2024-08-01T11:17:00.000000,2024-08-01T11:28:00.000000,2024-08-01,60,960,960
63157369,2034,12,,T71-68,71,BUS32024-hbt34ns1-Weekday-02,71-2-0,1,0,Outbound,Watertown Square,Mt Auburn St @ Kimball Rd,22,40620,2024-08-01T11:17:00.000000,2024-08-01T11:28:00.000000,2024-08-01,0,960,960
63157369,2036,13,,T71-68,71,BUS32024-hbt34ns1-Weekday-02,71-2-0,1,0,Outbound,Watertown Square,Mt Auburn St @ Upland Rd,22,40620,2024-08-01T11:17:00.000000,2024-08-01T11:29:00.000000,2024-08-01,60,960,960
63157369,2037,14,,T71-68,71,BUS32024-hbt34ns1-Weekday-02,71-2-0,1,0,Outbound,Watertown Square,Mt Auburn St @ Winsor Ave,22,40620,2024-08-01T11:17:00.000000,2024-08-01T11:30:00.000000,2024-08-01,60,960,960
63157369,2038,15,,T71-68,71,BUS32024-hbt34ns1-Weekday-02,71-2-0,1,0,Outbound,Watertown Square,Mt Auburn St @ Adams Ave,22,40620,2024-08-01T11:17:00.000000,2024-08-01T11:31:00.000000,2024-08-01,60,960,960
63157369,2040,16,,T71-68,71,BUS32024-hbt34ns1-Weekday-02,71-2-0,1,0,Outbound,Watertown Square,Mt Auburn St @ Amherst Rd,22,40620,2024-08-01T11:17:00.000000,2024-08-01T11:32:00.000000,2024-08-01,60,960,960
63157369,2047,17,,T71-68,71,BUS32024-hbt34ns1-Weekday-02,71-2-0,1,0,Outbound,Watertown Square,Mt Auburn St @ Bates Rd E,22,40620,2024-08-01T11:17:00.000000,2024-08-01T11:33:00.000000,2024-08-01,60,960,960
63157369,2042,18,,T71-68,71,BUS32024-hbt34ns1-Weekday-02,71-2-0,1,0,Outbound,Watertown Square,Mt Auburn St @ Russell Ave,22,40620,2024-08-01T11:17:00.000000,2024-08-01T11:33:00.000000,2024-08-01,0,960,960
63157369,2043,19,wtrhs,T71-68,71,BUS32024-hbt34ns1-Weekday-02,71-2-0,1,0,Outbound,Watertown Square,Mt Auburn St @ Marshall St,22,40620,2024-08-01T11:17:00.000000,2024-08-01T11:34:00.000000,2024-08-01,60,960,960
63157369,2044,20,,T71-68,71,BUS32024-hbt34ns1-Weekday-02,71-2-0,1,0,Outbound,Watertown Square,Mt Auburn St @ Summer St,22,40620,2024-08-01T11:17:00.000000,2024-08-01T11:36:00.000000,2024-08-01,120,960,960
63157369,2046,21,,T71-68,71,BUS32024-hbt34ns1-Weekday-02,71-2-0,1,0,Outbound,Watertown Square,Mt Auburn St @ Main St,22,40620,2024-08-01T11:17:00.000000,2024-08-01T11:38:00.000000,2024-08-01,120,960,960
63157369,8178,22,wtrsq,T71-68,71,BUS32024-hbt34ns1-Weekday-02,71-2-0,1,0,Outbound,Watertown Square,Watertown Sq Terminal,22,40620,2024-08-01T11:17:00.000000,2024-08-01T11:39:00.000000,2024-08-01,60,960,480
63157836,2362,1,arlct,T80-134,80,BUS32024-hbt34ns1-Weekday-02,80-_-1,1,1,Inbound,Lechmere Station,Medford St @ Massachusetts Ave,37,29400,2024-08-01T08:10:00.000000,2024-08-01T08:10:00.000000,2024-08-01,,2700,2700
63157836,2363,2,,T80-134,80,BUS32024-hbt34ns1-Weekday-02,80-_-1,1,1,Inbound,Lechmere Station,Medford St @ Lewis Ave,37,29400,2024-08-01T08:10:00.000000,2024-08-01T08:11:00.000000,2024-08-01,60,2700,2700
63157836,2365,3,,T80-134,80,BUS32024-hbt34ns1-Weekday-02,80-_-1,1,1,Inbound,Lechmere Station,Medford St @ Hamlet St,37,29400,2024-08-01T08:10:00.000000,2024-08-01T08:11:00.000000,2024-08-01,0,2700,2700
63157836,2366,4,,T80-134,80,BUS32024-hbt34ns1-Weekday-02,80-_-1,1,1,Inbound,Lechmere Station,Medford St opp Hayes St - Medford Line,37,29400,2024-08-01T08:10:00.000000,2024-08-01T08:12:00.000000,2024-08-01,60,2700,2700
63157836,2367,5,,T80-134,80,BUS32024-hbt34ns1-Weekday-02,80-_-1,1,1,Inbound,Lechmere Station,High St @ Jerome St,37,29400,2024-08-01T08:10:00.000000,2024-08-01T08:12:00.000000,2024-08-01,0,2700,2700
63157836,2368,6,,T80-134,80,BUS32024-hbt34ns1-Weekday-02,80-_-1,1,1,Inbound,Lechmere Station,High St @ Monument St,37,29400,2024-08-01T08:10:00.000000,2024-08-01T08:13:00.000000,2024-08-01,60,2700,2700
63157836,3513,7,boshi,T80-134,80,BUS32024-hbt34ns1-Weekday-02,80-_-1,1,1,Inbound,Lechmere Station,Boston Ave @ High St,37,29400,2024-08-01T08:10:00.000000,2024-08-01T08:13:00.000000,2024-08-01,0,2700,2700
63157836,2369,8,,T80-134,80,BUS32024-hbt34ns1-Weekday-02,80-_-1,1,1,Inbound,Lechmere Station,Boston Ave @ Harvard Ave,37,29400,2024-08-01T08:10:00.000000,2024-08-01T08:14:00.000000,2024-08-01,60,2700,2700
63157836,2370,9,,T80-134,80,BUS32024-hbt34ns1-Weekday-02,80-_-1,1,1,Inbound,Lechmere Station,Boston Ave @ Holton St,37,29400,2024-08-01T08:10:00.000000,2024-08-01T08:14:00.000000,2024-08-01,0,2700,2700
63157836,2371,10,,T80-134,80,BUS32024-hbt34ns1-Weekday-02,80-_-1,1,1,Inbound,Lechmere Station,Boston Ave @ Arlington St,37,29400,2024-08-01T08:10:00.000000,2024-08-01T08:15:00.000000,2024-08-01,60,2700,2700
63157836,2372,11,,T80-134,80,BUS32024-hbt34ns1-Weekday-02,80-_-1,1,1,Inbound,Lechmere Station,Boston Ave @ Mystic Valley Pkwy,37,29400,2024-08-01T08:10:00.000000,2024-08-01T08:16:00.000000,2024-08-01,60,2700,2700
63157836,2373,12,,T80-134,80,BUS32024-hbt34ns1-Weekday-02,80-_-1,1,1,Inbound,Lechmere Station,Boston Ave @ Harris Rd,37,29400,2024-08-01T08:10:00.000000,2024-08-01T08:16:00.000000,2024-08-01,0,2700,2700
63157836,2374,13,nostr,T80-134,80,BUS32024-hbt34ns1-Weekday-02,80-_-1,1,1,Inbound,Lechmere Station,Boston Ave @ North St,37,29400,2024-08-01T08:10:00.000000,2024-08-01T08:17:00.000000,2024-08-01,60,2700,2700
63157836,2375,14,,T80-134,80,BUS32024-hbt34ns1-Weekday-02,80-_-1,1,1,Inbound,Lechmere Station,Boston Ave @ Hillsdale Rd,37,29400,2024-08-01T08:10:00.000000,2024-08-01T08:18:00.000000,2024-08-01,60,2700,2700
63157836,2376,15,,T80-134,80,BUS32024-hbt34ns1-Weekday-02,80-_-1,1,1,Inbound,Lechmere Station,Boston Ave @ Winthrop St,37,29400,2024-08-01T08:10:00.000000,2024-08-01T08:18:00.000000,2024-08-01,0,2700,2700
63157836,2378,16,,T80-134,80,BUS32024-hbt34ns1-Weekday-02,80-_-1,1,1,Inbound,Lechmere Station,Boston Ave @ Tufts Garage,37,29400,2024-08-01T08:10:00.000000,2024-08-01T08:19:00.000000,2024-08-01,60,2700,2700
63157836,2379,17,,T80-134,80,BUS32024-hbt34ns1-Weekday-02,80-_-1,1,1,Inbound,Lechmere Station,College Ave @ Boston Ave,37,29400,2024-08-01T08:10:00.000000,2024-08-01T08:20:00.000000,2024-08-01,60,2700,2700
63157836,2380,18,,T80-134,80,BUS32024-hbt34ns1-Weekday-02,80-_-1,1,1,Inbound,Lechmere Station,College Ave @ Professors Row,37,29400,2024-08-01T08:10:00.000000,2024-08-01T08:21:00.000000,2024-08-01,60,2700,2700
63157836,2381,19,powdr,T80-134,80,BUS32024-hbt34ns1-Weekday-02,80-_-1,1,1,Inbound,Lechmere Station,College Ave @ Powder House Sq,37,29400,2024-08-01T08:10:00.000000,2024-08-01T08:22:00.000000,2024-08-01,60,2700,2700
63157836,2695,20,,T80-134,80,BUS32024-hbt34ns1-Weekday-02,80-_-1,1,1,Inbound,Lechmere Station,Broadway opp Warner St - Powder House Sq,37,29400,2024-08-01T08:10:00.000000,2024-08-01T08:23:00.000000,2024-08-01,60,2700,2700
63157836,2696,21,,T80-134,80,BUS32024-hbt34ns1-Weekday-02,80-_-1,1,1,Inbound,Lechmere Station,Broadway @ Bay State Ave,37,29400,2024-08-01T08:10:00.000000,2024-08-01T08:23:00.000000,2024-08-01,0,2700,2700
63157836,2697,22,,T80-134,80,BUS32024-hbt34ns1-Weekday-02,80-_-1,1,1,Inbound,Lechmere Station,Broadway @ Josephine Ave - Ball Sq,37,29400,2024-08-01T08:10:00.000000,2024-08-01T08:24:00.000000,2024-08-01,60,2700,2700
63157836,2698,23,,T80-134,80,BUS32024-hbt34ns1-Weekday-02,80-_-1,1,1,Inbound,Lechmere Station,Broadway @ Cedar St,37,29400,2024-08-01T08:10:00.000000,2024-08-01T08:26:00.000000,2024-08-01,120,2700,2700
63157836,2699,24,mgnsq,T80-134,80,BUS32024-hbt34ns1-Weekday-02,80-_-1,1,1,Inbound,Lechmere Station,Broadway @ Hinckley St - Magoun Sq,37,29400,2024-08-01T08:10:00.000000,2024-08-01T08:27:00.000000,2024-08-01,60,2700,2700
63157836,12699,25,,T80-134,80,BUS32024-hbt34ns1-Weekday-02,80-_-1,1,1,Inbound,Lechmere Station,Medford St @ Broadway - Magoun Sq,37,29400,2024-08-01T08:10:00.000000,2024-08-01T08:27:00.000000,2024-08-01,0,2700,2700
63157836,23841,26,,T80-134,80,BUS32024-hbt34ns1-Weekday-02,80-_-1,1,1,Inbound,Lechmere Station,Medford St @ Glenwood Rd,37,29400,2024-08-01T08:10:00.000000,2024-08-01T08:29:00.000000,2024-08-01,120,2700,2700
63157836,2385,27,,T80-134,80,BUS32024-hbt34ns1-Weekday-02,80-_-1,1,1,Inbound,Lechmere Station,Medford St @ Central St,37,29400,2024-08-01T08:10:00.000000,2024-08-01T08:30:00.000000,2024-08-01,60,2700,2700
63157836,2386,28,,T80-134,80,BUS32024-hbt34ns1-Weekday-02,80-_-1,1,1,Inbound,Lechmere Station,Medford St @ Sycamore St,37,29400,2024-08-01T08:10:00.000000,2024-08-01T08:31:00.000000,2024-08-01,60,2700,2700
63157836,2388,29,mdscl,T80-134,80,BUS32024-hbt34ns1-Weekday-02,80-_-1,1,1,Inbound,Lechmere Station,Medford St @ School St,37,29400,2024-08-01T08:10:00.000000,2024-08-01T08:32:00.000000,2024-08-01,60,2700,2700
63157836,2389,30,,T80-134,80,BUS32024-hbt34ns1-Weekday-02,80-_-1,1,1,Inbound,Lechmere Station,Pearl St @ Skilton Ave,37,29400,2024-08-01T08:10:00.000000,2024-08-01T08:33:00.000000,2024-08-01,60,2700,2700
63157836,2390,31,,T80-134,80,BUS32024-hbt34ns1-Weekday-02,80-_-1,1,1,Inbound,Lechmere Station,Pearl St @ Walnut St,37,29400,2024-08-01T08:10:00.000000,2024-08-01T08:34:00.000000,2024-08-01,60,2700,2700
63157836,2391,32,,T80-134,80,BUS32024-hbt34ns1-Weekday-02,80-_-1,1,1,Inbound,Lechmere Station,Pearl St @ McGrath Hwy,37,29400,2024-08-01T08:10:00.000000,2024-08-01T08:35:00.000000,2024-08-01,60,2700,2700
63157836,2689,33,,T80-134,80,BUS32024-hbt34ns1-Weekday-02,80-_-1,1,1,Inbound,Lechmere Station,422 McGrath Hwy,37,29400,2024-08-01T08:10:00.000000,2024-08-01T08:38:00.000000,2024-08-01,180,2700,300
63157836,2690,34,,T80-134,80,BUS32024-hbt34ns1-Weekday-02,80-_-1,1,1,Inbound,Lechmere Station,Medford St @ Washington St,37,29400,2024-08-01T08:10:00.000000,2024-08-01T08:39:00.000000,2024-08-01,60,2700,300
63157836,2600,35,,T80-134,80,BUS32024-hbt34ns1-Weekday-02,80-_-1,1,1,Inbound,Lechmere Station,McGrath Hwy @ Medford St,37,29400,2024-08-01T08:10:00.000000,2024-08-01T08:42:00.000000,2024-08-01,180,2700,300
63157836,2601,36,,T80-134,80,BUS32024-hbt34ns1-Weekday-02,80-_-1,1,1,Inbound,Lechmere Station,McGrath Hwy @ Twin City Plaza,37,29400,2024-08-01T08:10:00.000000,2024-08-01T08:46:00.000000,2024-08-01,240,2700,300
63157836,70500,37,lchmr,T80-134,80,BUS32024-hbt34ns1-Weekday-02,80-_-1,1,1,Inbound,Lechmere Station,Lechmere,37,29400,2024-08-01T08:10:00.000000,2024-08-01T08:48:00.000000,2024-08-01,120,2700,300
63256578,5327,1,malst,G101-66,97,BUS32024-hbg34ns1-Weekday-02,97-5-1,1,1,Inbound,Wellington Station,Malden Center,22,65100,2024-08-01T18:05:00.000000,2024-08-01T18:05:00.000000,2024-08-01,,2100,60
63256578,45327,2,,G101-66,97,BUS32024-hbg34ns1-Weekday-02,97-5-1,1,1,Inbound,Wellington Station,Commercial St @ Charles St,22,65100,2024-08-01T18:05:00.000000,2024-08-01T18:06:00.000000,2024-08-01,60,2100,2100
63256578,45326,3,,G101-66,97,BUS32024-hbg34ns1-Weekday-02,97-5-1,1,1,Inbound,Wellington Station,Commercial St @ Medford St,22,65100,2024-08-01T18:05:00.000000,2024-08-01T18:06:00.000000,2024-08-01,0,2100,2100
63256578,45330,4,,G101-66,97,BUS32024-hbg34ns1-Weekday-02,97-5-1,1,1,Inbound,Wellington Station,Medford St @ Green St,22,65100,2024-08-01T18:05:00.000000,2024-08-01T18:07:00.000000,2024-08-01,60,2100,2100
63256578,44330,5,,G101-66,97,BUS32024-hbg34ns1-Weekday-02,97-5-1,1,1,Inbound,Wellington Station,Medford St @ Brackenbury St,22,65100,2024-08-01T18:05:00.000000,2024-08-01T18:08:00.000000,2024-08-01,60,2100,2100
63256578,45331,6,mfdmn,G101-66,97,BUS32024-hbg34ns1-Weekday-02,97-5-1,1,1,Inbound,Wellington Station,Medford St @ Main St,22,65100,2024-08-01T18:05:00.000000,2024-08-01T18:08:00.000000,2024-08-01,0,2100,2100
63256578,5395,7,,G101-66,97,BUS32024-hbg34ns1-Weekday-02,97-5-1,1,1,Inbound,Wellington Station,Main St @ Converse Ave,22,65100,2024-08-01T18:05:00.000000,2024-08-01T18:09:00.000000,2024-08-01,60,2100,900
63256578,5047,8,,G101-66,97,BUS32024-hbg34ns1-Weekday-02,97-5-1,1,1,Inbound,Wellington Station,Belmont St @ Main St,22,65100,2024-08-01T18:05:00.000000,2024-08-01T18:10:00.000000,2024-08-01,60,2100,2100
63256578,5048,9,,G101-66,97,BUS32024-hbg34ns1-Weekday-02,97-5-1,1,1,Inbound,Wellington Station,Belmont St @ Kinsman St,22,65100,2024-08-01T18:05:00.000000,2024-08-01T18:10:00.000000,2024-08-01,0,2100,2100
63256578,5049,10,,G101-66,97,BUS32024-hbg34ns1-Weekday-02,97-5-1,1,1,Inbound,Wellington Station,Hancock St @ Belmont St,22,65100,2024-08-01T18:05:00.000000,2024-08-01T18:11:00.000000,2024-08-01,60,2100,2100
63256578,5050,11,,G101-66,97,BUS32024-hbg34ns1-Weekday-02,97-5-1,1,1,Inbound,Wellington Station,Hancock St @ Tappan St,22,65100,2024-08-01T18:05:00.000000,2024-08-01T18:12:00.000000,2024-08-01,60,2100,2100
63256578,5051,12,,G101-66,97,BUS32024-hbg34ns1-Weekday-02,97-5-1,1,1,Inbound,Wellington Station,Hancock St @ Dean St,22,65100,2024-08-01T18:05:00.000000,2024-08-01T18:13:00.000000,2024-08-01,60,2100,2100
63256578,15492,13,,G101-66,97,BUS32024-hbg34ns1-Weekday-02,97-5-1,1,1,Inbound,Wellington Station,Broadway @ Maple Ave,22,65100,2024-08-01T18:05:00.000000,2024-08-01T18:15:00.000000,2024-08-01,120,2100,2100
63256578,5495,14,,G101-66,97,BUS32024-hbg34ns1-Weekday-02,97-5-1,1,1,Inbound,Wellington Station,Broadway @ Church St,22,65100,2024-08-01T18:05:00.000000,2024-08-01T18:16:00.000000,2024-08-01,60,2100,2100
63256578,5496,15,evrtc,G101-66,97,BUS32024-hbg34ns1-Weekday-02,97-5-1,1,1,Inbound,Wellington Station,Broadway @ Norwood St,22,65100,2024-08-01T18:05:00.000000,2024-08-01T18:17:00.000000,2024-08-01,60,2100,540
63256578,5559,16,,G101-66,97,BUS32024-hbg34ns1-Weekday-02,97-5-1,1,1,Inbound,Wellington Station,Broadway opp Second St,22,65100,2024-08-01T18:05:00.000000,2024-08-01T18:17:00.000000,2024-08-01,0,2100,540
63256578,5560,17,sweet,G101-66,97,BUS32024-hbg34ns1-Weekday-02,97-5-1,1,1,Inbound,Wellington Station,Broadway @ Gladstone St,22,65100,2024-08-01T18:05:00.000000,2024-08-01T18:18:00.000000,2024-08-01,60,2100,540
63256578,5561,18,,G101-66,97,BUS32024-hbg34ns1-Weekday-02,97-5-1,1,1,Inbound,Wellington Station,Santilli Circle,22,65100,2024-08-01T18:05:00.000000,2024-08-01T18:21:00.000000,2024-08-01,180,2100,180
63256578,55631,19,,G101-66,97,BUS32024-hbg34ns1-Weekday-02,97-5-1,1,1,Inbound,Wellington Station,Gateway Center opp Texas Roadhouse,22,65100,2024-08-01T18:05:00.000000,2024-08-01T18:23:00.000000,2024-08-01,120,2100,2100
63256578,55632,20,,G101-66,97,BUS32024-hbg34ns1-Weekday-02,97-5-1,1,1,Inbound,Wellington Station,Gateway Center @ Target,22,65100,2024-08-01T18:05:00.000000,2024-08-01T18:24:00.000000,2024-08-01,60,2100,2100
63256578,6569,21,,G101-66,97,BUS32024-hbg34ns1-Weekday-02,97-5-1,1,1,Inbound,Wellington Station,Corporation Way,22,65100,2024-08-01T18:05:00.000000,2024-08-01T18:30:00.000000,2024-08-01,360,2100,360
63256578,5271,22,welst,G101-66,97,BUS32024-hbg34ns1-Weekday-02,97-5-1,1,1,Inbound,Wellington Station,Wellington Station Busway,22,65100,2024-08-01T18:05:00.000000,2024-08-01T18:31:00.000000,2024-08-01,60,2100,240
63256596,53270,1,malst,G109-113,104,BUS32024-hbg34ns1-Weekday-02,104-_-1,1,1,Inbound,Sullivan Square Station,Malden Center,29,74880,2024-08-01T20:48:00.000000,2024-08-01T20:48:00.000000,2024-08-01,,1080,1080
63256596,5289,2,,G109-113,104,BUS32024-hbg34ns1-Weekday-02,104-_-1,1,1,Inbound,Sullivan Square Station,Centre St @ Stop & Shop,29,74880,2024-08-01T20:48:00.000000,2024-08-01T20:49:00.000000,2024-08-01,60,1080,1080
63256596,5342,3,,G109-113,104,BUS32024-hbg34ns1-Weekday-02,104-_-1,1,1,Inbound,Sullivan Square Station,Main St opp Pleasant St,29,74880,2024-08-01T20:48:00.000000,2024-08-01T20:51:00.000000,2024-08-01,120,1080,1080
63256596,5343,4,,G109-113,104,BUS32024-hbg34ns1-Weekday-02,104-_-1,1,1,Inbound,Sullivan Square Station,Ferry St @ Irving St,29,74880,2024-08-01T20:48:00.000000,2024-08-01T20:51:00.000000,2024-08-01,0,1080,1080
63256596,5344,5,,G109-113,104,BUS32024-hbg34ns1-Weekday-02,104-_-1,1,1,Inbound,Sullivan Square Station,Ferry St @ Eastern Ave,29,74880,2024-08-01T20:48:00.000000,2024-08-01T20:52:00.000000,2024-08-01,60,1080,1080
63256596,5345,6,,G109-113,104,BUS32024-hbg34ns1-Weekday-02,104-_-1,1,1,Inbound,Sullivan Square Station,Ferry St opp Clayton St,29,74880,2024-08-01T20:48:00.000000,2024-08-01T20:53:00.000000,2024-08-01,60,1080,1080
63256596,5347,7,fercr,G109-113,104,BUS32024-hbg34ns1-Weekday-02,104-_-1,1,1,Inbound,Sullivan Square Station,Ferry St @ Cross St,29,74880,2024-08-01T20:48:00.000000,2024-08-01T20:54:00.000000,2024-08-01,60,1080,1080
63256596,5348,8,,G109-113,104,BUS32024-hbg34ns1-Weekday-02,104-_-1,1,1,Inbound,Sullivan Square Station,Ferry St @ Winthrop St,29,74880,2024-08-01T20:48:00.000000,2024-08-01T20:55:00.000000,2024-08-01,60,1080,1080
63256596,5349,9,,G109-113,104,BUS32024-hbg34ns1-Weekday-02,104-_-1,1,1,Inbound,Sullivan Square Station,Ferry St @ Belmont St,29,74880,2024-08-01T20:48:00.000000,2024-08-01T20:56:00.000000,2024-08-01,60,1080,1080
63256596,5350,10,,G109-113,104,BUS32024-hbg34ns1-Weekday-02,104-_-1,1,1,Inbound,Sullivan Square Station,Ferry St @ Bennett St,29,74880,2024-08-01T20:48:00.000000,2024-08-01T20:56:00.000000,2024-08-01,0,1080,1080
63256596,5351,11,,G109-113,104,BUS32024-hbg34ns1-Weekday-02,104-_-1,1,1,Inbound,Sullivan Square Station,Ferry St @ Central Ave,29,74880,2024-08-01T20:48:00.000000,2024-08-01T20:57:00.000000,2024-08-01,60,1080,1080
63256596,5352,12,,G109-113,104,BUS32024-hbg34ns1-Weekday-02,104-_-1,1,1,Inbound,Sullivan Square Station,Ferry St @ Glendale St,29,74880,2024-08-01T20:48:00.000000,2024-08-01T20:58:00.000000,2024-08-01,60,1080,1080
63256596,5353,13,,G109-113,104,BUS32024-hbg34ns1-Weekday-02,104-_-1,1,1,Inbound,Sullivan Square Station,Ferry St @ Walnut St - Glendale Towers,29,74880,2024-08-01T20:48:00.000000,2024-08-01T20:58:00.000000,2024-08-01,0,1080,1080
63256596,5354,14,glndl,G109-113,104,BUS32024-hbg34ns1-Weekday-02,104-_-1,1,1,Inbound,Sullivan Square Station,Ferry St @ Broadway,29,74880,2024-08-01T20:48:00.000000,2024-08-01T20:59:00.000000,2024-08-01,60,1080,1080
63256596,5490,15,,G109-113,104,BUS32024-hbg34ns1-Weekday-02,104-_-1,1,1,Inbound,Sullivan Square Station,Broadway @ Raymond St,29,74880,2024-08-01T20:48:00.000000,2024-08-01T21:00:00.000000,2024-08-01,60,1080,120
63256596,15492,16,,G109-113,104,BUS32024-hbg34ns1-Weekday-02,104-_-1,1,1,Inbound,Sullivan Square Station,Broadway @ Maple Ave,29,74880,2024-08-01T20:48:00.000000,2024-08-01T21:01:00.000000,2024-08-01,60,1080,120
63256596,5495,17,,G109-113,104,BUS32024-hbg34ns1-Weekday-02,104-_-1,1,1,Inbound,Sullivan Square Station,Broadway @ Church St,29,74880,2024-08-01T20:48:00.000000,2024-08-01T21:02:00.000000,2024-08-01,60,1080,120
63256596,5496,18,evrtc,G109-113,104,BUS32024-hbg34ns1-Weekday-02,104-_-1,1,1,Inbound,Sullivan Square Station,Broadway @ Norwood St,29,74880,2024-08-01T20:48:00.000000,2024-08-01T21:02:00.000000,2024-08-01,0,1080,120
63256596,5559,19,,G109-113,104,BUS32024-hbg34ns1-Weekday-02,104-_-1,1,1,Inbound,Sullivan Square Station,Broadway opp Second St,29,74880,2024-08-01T20:48:00.000000,2024-08-01T21:03:00.000000,2024-08-01,60,1080,120
63256596,5560,20,sweet,G109-113,104,BUS32024-hbg34ns1-Weekday-02,104-_-1,1,1,Inbound,Sullivan Square Station,Broadway @ Gladstone St,29,74880,2024-08-01T20:48:00.000000,2024-08-01T21:05:00.000000,2024-08-01,120,1080,120
63256596,5497,21,,G109-113,104,BUS32024-hbg34ns1-Weekday-02,104-_-1,1,1,Inbound,Sullivan Square Station,Broadway @ Bowdoin St,29,74880,2024-08-01T20:48:00.000000,2024-08-01T21:07:00.000000,2024-08-01,120,1080,120
63256596,5498,22,,G109-113,104,BUS32024-hbg34ns1-Weekday-02,104-_-1,1,1,Inbound,Sullivan Square Station,Broadway opp Beacham St,29,74880,2024-08-01T20:48:00.000000,2024-08-01T21:07:00.000000,2024-08-01,0,1080,120
63256596,5499,23,,G109-113,104,BUS32024-hbg34ns1-Weekday-02,104-_-1,1,1,Inbound,Sullivan Square Station,Broadway opp Thorndike St,29,74880,2024-08-01T20:48:00.000000,2024-08-01T21:07:00.000000,2024-08-01,0,1080,120
63256596,5500,24,,G109-113,104,BUS32024-hbg34ns1-Weekday-02,104-_-1,1,1,Inbound,Sullivan Square Station,Broadway @ Horizon Way,29,74880,2024-08-01T20:48:00.000000,2024-08-01T21:08:00.000000,2024-08-01,60,1080,120
63256596,5501,25,,G109-113,104,BUS32024-hbg34ns1-Weekday-02,104-_-1,1,1,Inbound,Sullivan Square Station,Opp 173 Alford St,29,74880,2024-08-01T20:48:00.000000,2024-08-01T21:09:00.000000,2024-08-01,60,1080,120
63256596,55011,26,,G109-113,104,BUS32024-hbg34ns1-Weekday-02,104-_-1,1,1,Inbound,Sullivan Square Station,Alford St @ MWRA Pump Station,29,74880,2024-08-01T20:48:00.000000,2024-08-01T21:09:00.000000,2024-08-01,0,1080,120
63256596,55012,27,,G109-113,104,BUS32024-hbg34ns1-Weekday-02,104-_-1,1,1,Inbound,Sullivan Square Station,Alford St @ MBTA Charlestown Garage,29,74880,2024-08-01T20:48:00.000000,2024-08-01T21:10:00.000000,2024-08-01,60,1080,120
63256596,5502,28,,G109-113,104,BUS32024-hbg34ns1-Weekday-02,104-_-1,1,1,Inbound,Sullivan Square Station,Alford St @ West St,29,74880,2024-08-01T20:48:00.000000,2024-08-01T21:11:00.000000,2024-08-01,60,1080,120
63256596,29001,29,sull,G109-113,104,BUS32024-hbg34ns1-Weekday-02,104-_-1,1,1,Inbound,Sullivan Square Station,Sullivan Square,29,74880,2024-08-01T20:48:00.000000,2024-08-01T21:12:00.000000,2024-08-01,60,1080,120
63256882,29011,1,sull,G89-5,89,BUS32024-hbg34ns1-Weekday-02,89-2-0,1,0,Outbound,Clarendon Hill or Davis Station,Sullivan Square,21,64620,2024-08-01T17:57:00.000000,2024-08-01T17:57:00.000000,2024-08-01,,420,420
63256882,2718,2,,G89-5,89,BUS32024-hbg34ns1-Weekday-02,89-2-0,1,0,Outbound,Clarendon Hill or Davis Station,Broadway @ Austin St,21,64620,2024-08-01T17:57:00.000000,2024-08-01T18:00:00.000000,2024-08-01,180,360,360
63256882,2719,3,,G89-5,89,BUS32024-hbg34ns1-Weekday-02,89-2-0,1,0,Outbound,Clarendon Hill or Davis Station,Broadway @ Illinois Ave,21,64620,2024-08-01T17:57:00.000000,2024-08-01T18:01:00.000000,2024-08-01,60,420,420
63256882,2721,4,,G89-5,89,BUS32024-hbg34ns1-Weekday-02,89-2-0,1,0,Outbound,Clarendon Hill or Davis Station,Broadway @ Cross St,21,64620,2024-08-01T17:57:00.000000,2024-08-01T18:02:00.000000,2024-08-01,60,420,420
63256882,2723,5,,G89-5,89,BUS32024-hbg34ns1-Weekday-02,89-2-0,1,0,Outbound,Clarendon Hill or Davis Station,Broadway @ Fellsway W,21,64620,2024-08-01T17:57:00.000000,2024-08-01T18:03:00.000000,2024-08-01,60,360,360
63256882,2725,6,,G89-5,89,BUS32024-hbg34ns1-Weekday-02,89-2-0,1,0,Outbound,Clarendon Hill or Davis Station,Broadway @ Temple St,21,64620,2024-08-01T17:57:00.000000,2024-08-01T18:04:00.000000,2024-08-01,60,360,360
63256882,2726,7,,G89-5,89,BUS32024-hbg34ns1-Weekday-02,89-2-0,1,0,Outbound,Clarendon Hill or Davis Station,Broadway @ Winter Hill Plaza,21,64620,2024-08-01T17:57:00.000000,2024-08-01T18:05:00.000000,2024-08-01,60,360,360
63256882,2729,8,whill,G89-5,89,BUS32024-hbg34ns1-Weekday-02,89-2-0,1,0,Outbound,Clarendon Hill or Davis Station,Broadway @ Main St,21,64620,2024-08-01T17:57:00.000000,2024-08-01T18:06:00.000000,2024-08-01,60,360,360
63256882,2731,9,,G89-5,89,BUS32024-hbg34ns1-Weekday-02,89-2-0,1,0,Outbound,Clarendon Hill or Davis Station,Broadway opp Glenwood Rd,21,64620,2024-08-01T17:57:00.000000,2024-08-01T18:07:00.000000,2024-08-01,60,360,360
63256882,2733,10,,G89-5,89,BUS32024-hbg34ns1-Weekday-02,89-2-0,1,0,Outbound,Clarendon Hill or Davis Station,Broadway @ Medford St - Magoun Sq,21,64620,2024-08-01T17:57:00.000000,2024-08-01T18:09:00.000000,2024-08-01,120,360,360
63256882,2734,11,,G89-5,89,BUS32024-hbg34ns1-Weekday-02,89-2-0,1,0,Outbound,Clarendon Hill or Davis Station,Broadway @ William St,21,64620,2024-08-01T17:57:00.000000,2024-08-01T18:09:00.000000,2024-08-01,0,360,360
63256882,2735,12,,G89-5,89,BUS32024-hbg34ns1-Weekday-02,89-2-0,1,0,Outbound,Clarendon Hill or Davis Station,Broadway @ Alfred St,21,64620,2024-08-01T17:57:00.000000,2024-08-01T18:10:00.000000,2024-08-01,60,360,360
63256882,2736,13,,G89-5,89,BUS32024-hbg34ns1-Weekday-02,89-2-0,1,0,Outbound,Clarendon Hill or Davis Station,Broadway @ Boston Ave - Ball Sq,21,64620,2024-08-01T17:57:00.000000,2024-08-01T18:11:00.000000,2024-08-01,60,360,360
63256882,2737,14,,G89-5,89,BUS32024-hbg34ns1-Weekday-02,89-2-0,1,0,Outbound,Clarendon Hill or Davis Station,Broadway @ Pearson Rd,21,64620,2024-08-01T17:57:00.000000,2024-08-01T18:12:00.000000,2024-08-01,60,360,360
63256882,2738,15,powdr,G89-5,89,BUS32024-hbg34ns1-Weekday-02,89-2-0,1,0,Outbound,Clarendon Hill or Davis Station,Broadway @ Warner St - Powder House Sq,21,64620,2024-08-01T17:57:00.000000,2024-08-01T18:13:00.000000,2024-08-01,60,360,360
63256882,5012,16,,G89-5,89,BUS32024-hbg34ns1-Weekday-02,89-2-0,1,0,Outbound,Clarendon Hill or Davis Station,College Ave @ Broadway,21,64620,2024-08-01T17:57:00.000000,2024-08-01T18:14:00.000000,2024-08-01,60,1080,1080
63256882,5014,17,,G89-5,89,BUS32024-hbg34ns1-Weekday-02,89-2-0,1,0,Outbound,Clarendon Hill or Davis Station,College Ave @ William St,21,64620,2024-08-01T17:57:00.000000,2024-08-01T18:15:00.000000,2024-08-01,60,1080,1080
63256882,5015,18,,G89-5,89,BUS32024-hbg34ns1-Weekday-02,89-2-0,1,0,Outbound,Clarendon Hill or Davis Station,College Ave @ Highland Ave,21,64620,2024-08-01T17:57:00.000000,2024-08-01T18:16:00.000000,2024-08-01,60,1080,1080
63256882,2582,19,,G89-5,89,BUS32024-hbg34ns1-Weekday-02,89-2-0,1,0,Outbound,Clarendon Hill or Davis Station,Elm St @ Chester St,21,64620,2024-08-01T17:57:00.000000,2024-08-01T18:17:00.000000,2024-08-01,60,1080,1080
63256882,2628,20,,G89-5,89,BUS32024-hbg34ns1-Weekday-02,89-2-0,1,0,Outbound,Clarendon Hill or Davis Station,Grove St @ Highland Ave,21,64620,2024-08-01T17:57:00.000000,2024-08-01T18:19:00.000000,2024-08-01,120,1140,1140
63256882,5104,21,davis,G89-5,89,BUS32024-hbg34ns1-Weekday-02,89-2-0,1,0,Outbound,Clarendon Hill or Davis Station,Davis,21,64620,2024-08-01T17:57:00.000000,2024-08-01T18:20:00.000000,2024-08-01,60,1140,1140
63361157,1618,1,gtown,B40-149,40,BUS32024-hbb34ns1-Weekday-02,40-2-1,1,1,Inbound,Forest Hills Station,84 Georgetowne Pl,32,20160,2024-08-01T05:36:00.000000,2024-08-01T05:36:00.000000,2024-08-01,,,
63361157,11618,2,,B40-149,40,BUS32024-hbb34ns1-Weekday-02,40-2-1,1,1,Inbound,Forest Hills Station,Georgetowne Dr @ Georgetowne Pl,32,20160,2024-08-01T05:36:00.000000,2024-08-01T05:37:00.000000,2024-08-01,60,,
63361157,6523,3,,B40-149,40,BUS32024-hbb34ns1-Weekday-02,40-2-1,1,1,Inbound,Forest Hills Station,Alwin St @ Dedham Pkwy,32,20160,2024-08-01T05:36:00.000000,2024-08-01T05:37:00.000000,2024-08-01,0,,
63361157,6524,4,,B40-149,40,BUS32024-hbb34ns1-Weekday-02,40-2-1,1,1,Inbound,Forest Hills Station,Alwin St @ Leighton Rd,32,20160,2024-08-01T05:36:00.000000,2024-08-01T05:38:00.000000,2024-08-01,60,,
63361157,6526,5,,B40-149,40,BUS32024-hbb34ns1-Weekday-02,40-2-1,1,1,Inbound,Forest Hills Station,Alwin St @ Turtle Pond Pkwy,32,20160,2024-08-01T05:36:00.000000,2024-08-01T05:38:00.000000,2024-08-01,0,,
63361157,6522,6,,B40-149,40,BUS32024-hbb34ns1-Weekday-02,40-2-1,1,1,Inbound,Forest Hills Station,Dedham Pkwy @ Georgetowne Dr,32,20160,2024-08-01T05:36:00.000000,2024-08-01T05:40:00.000000,2024-08-01,120,,
63361157,1616,7,,B40-149,40,BUS32024-hbb34ns1-Weekday-02,40-2-1,1,1,Inbound,Forest Hills Station,Margaretta Dr @ Crown Point Dr,32,20160,2024-08-01T05:36:00.000000,2024-08-01T05:41:00.000000,2024-08-01,60,,
63361157,1617,8,,B40-149,40,BUS32024-hbb34ns1-Weekday-02,40-2-1,1,1,Inbound,Forest Hills Station,Opp 67 Crown Point Dr,32,20160,2024-08-01T05:36:00.000000,2024-08-01T05:43:00.000000,2024-08-01,120,,
63361157,1620,9,,B40-149,40,BUS32024-hbb34ns1-Weekday-02,40-2-1,1,1,Inbound,Forest Hills Station,Georgetowne Dr opp Margaretta Dr,32,20160,2024-08-01T05:36:00.000000,2024-08-01T05:43:00.000000,2024-08-01,0,,
63361157,1621,10,,B40-149,40,BUS32024-hbb34ns1-Weekday-02,40-2-1,1,1,Inbound,Forest Hills Station,W Boundary Rd @ Georgetowne Dr,32,20160,2024-08-01T05:36:00.000000,2024-08-01T05:43:00.000000,2024-08-01,0,,
63361157,1623,11,,B40-149,40,BUS32024-hbb34ns1-Weekday-02,40-2-1,1,1,Inbound,Forest Hills Station,W Boundary Rd @ Cedarcrest Rd,32,20160,2024-08-01T05:36:00.000000,2024-08-01T05:44:00.000000,2024-08-01,60,,
63361157,625,12,wawbw,B40-149,40,BUS32024-hbb34ns1-Weekday-02,40-2-1,1,1,Inbound,Forest Hills Station,Washington St @ W Boundary Rd,32,20160,2024-08-01T05:36:00.000000,2024-08-01T05:46:00.000000,2024-08-01,120,,600
63361157,10625,13,,B40-149,40,BUS32024-hbb34ns1-Weekday-02,40-2-1,1,1,Inbound,Forest Hills Station,Washington St opp Heron St,32,20160,2024-08-01T05:36:00.000000,2024-08-01T05:46:00.000000,2024-08-01,0,,600
63361157,626,14,,B40-149,40,BUS32024-hbb34ns1-Weekday-02,40-2-1,1,1,Inbound,Forest Hills Station,Washington St opp Maplewood St,32,20160,2024-08-01T05:36:00.000000,2024-08-01T05:46:00.000000,2024-08-01,0,,540
63361157,627,15,,B40-149,40,BUS32024-hbb34ns1-Weekday-02,40-2-1,1,1,Inbound,Forest Hills Station,Washington St opp Cowing St,32,20160,2024-08-01T05:36:00.000000,2024-08-01T05:47:00.000000,2024-08-01,60,,540
63361157,628,16,walag,B40-149,40,BUS32024-hbb34ns1-Weekday-02,40-2-1,1,1,Inbound,Forest Hills Station,Washington St @ Enneking Pkwy,32,20160,2024-08-01T05:36:00.000000,2024-08-01T05:47:00.000000,2024-08-01,0,,540
63361157,629,17,,B40-149,40,BUS32024-hbb34ns1-Weekday-02,40-2-1,1,1,Inbound,Forest Hills Station,Washington St opp Schubert St,32,20160,2024-08-01T05:36:00.000000,2024-08-01T05:48:00.000000,2024-08-01,60,,480
63361157,630,18,,B40-149,40,BUS32024-hbb34ns1-Weekday-02,40-2-1,1,1,Inbound,Forest Hills Station,Washington St @ Blue Ledge Dr,32,20160,2024-08-01T05:36:00.000000,2024-08-01T05:49:00.000000,2024-08-01,60,,540
63361157,631,19,,B40-149,40,BUS32024-hbb34ns1-Weekday-02,40-2-1,1,1,Inbound,Forest Hills Station,Washington St @ Beech St,32,20160,2024-08-01T05:36:00.000000,2024-08-01T05:50:00.000000,2024-08-01,60,,540
63361157,632,20,,B40-149,40,BUS32024-hbb34ns1-Weekday-02,40-2-1,1,1,Inbound,Forest Hills Station,Washington St @ Cornell St,32,20160,2024-08-01T05:36:00.000000,2024-08-01T05:50:00.000000,2024-08-01,0,,480
63361157,633,21,wamet,B40-149,40,BUS32024-hbb34ns1-Weekday-02,40-2-1,1,1,Inbound,Forest Hills Station,Washington St @ Metropolitan Ave,32,20160,2024-08-01T05:36:00.000000,2024-08-01T05:51:00.000000,2024-08-01,60,,480
63361157,10633,22,,B40-149,40,BUS32024-hbb34ns1-Weekday-02,40-2-1,1,1,Inbound,Forest Hills Station,Washington St @ Rosecliff St,32,20160,2024-08-01T05:36:00.000000,2024-08-01T05:51:00.000000,2024-08-01,0,,480
63361157,634,23,,B40-149,40,BUS32024-hbb34ns1-Weekday-02,40-2-1,1,1,Inbound,Forest Hills Station,Washington St @ Albano St,32,20160,2024-08-01T05:36:00.000000,2024-08-01T05:52:00.000000,2024-08-01,60,,480
63361157,635,24,,B40-149,40,BUS32024-hbb34ns1-Weekday-02,40-2-1,1,1,Inbound,Forest Hills Station,Washington St @ Poplar St,32,20160,2024-08-01T05:36:00.000000,2024-08-01T05:53:00.000000,2024-08-01,60,,480
63361157,636,25,rossq,B40-149,40,BUS32024-hbb34ns1-Weekday-02,40-2-1,1,1,Inbound,Forest Hills Station,Washington St @ Cummins Hwy,32,20160,2024-08-01T05:36:00.000000,2024-08-01T05:54:00.000000,2024-08-01,60,,180
63361157,637,26,,B40-149,40,BUS32024-hbb34ns1-Weekday-02,40-2-1,1,1,Inbound,Forest Hills Station,Washington St @ Firth Rd,32,20160,2024-08-01T05:36:00.000000,2024-08-01T05:55:00.000000,2024-08-01,60,,180
63361157,638,27,,B40-149,40,BUS32024-hbb34ns1-Weekday-02,40-2-1,1,1,Inbound,Forest Hills Station,Washington St @ Granfield Ave,32,20160,2024-08-01T05:36:00.000000,2024-08-01T05:56:00.000000,2024-08-01,60,,180
63361157,639,28,,B40-149,40,BUS32024-hbb34ns1-Weekday-02,40-2-1,1,1,Inbound,Forest Hills Station,Washington St @ Whipple Ave,32,20160,2024-08-01T05:36:00.000000,2024-08-01T05:57:00.000000,2024-08-01,60,,180
63361157,640,29,,B40-149,40,BUS32024-hbb34ns1-Weekday-02,40-2-1,1,1,Inbound,Forest Hills Station,Washington St @ Archdale Rd,32,20160,2024-08-01T05:36:00.000000,2024-08-01T05:57:00.000000,2024-08-01,0,,180
63361157,641,30,,B40-149,40,BUS32024-hbb34ns1-Weekday-02,40-2-1,1,1,Inbound,Forest Hills Station,Washington St @ Aldwin Rd,32,20160,2024-08-01T05:36:00.000000,2024-08-01T05:58:00.000000,2024-08-01,60,,180
63361157,642,31,,B40-149,40,BUS32024-hbb34ns1-Weekday-02,40-2-1,1,1,Inbound,Forest Hills Station,Washington St @ Tollgate Way,32,20160,2024-08-01T05:36:00.000000,2024-08-01T05:59:00.000000,2024-08-01,60,,180
63361157,10642,32,fhill,B40-149,40,BUS32024-hbb34ns1-Weekday-02,40-2-1,1,1,Inbound,Forest Hills Station,Forest Hills,32,20160,2024-08-01T05:36:00.000000,2024-08-01T06:01:00.000000,2024-08-01,120,,180
63361458,18511,1,matpn,B29-40,29,BUS32024-hbb34ns1-Weekday-02,29-5-1,1,1,Inbound,Jackson Square Station,Mattapan,28,83100,2024-08-01T23:05:00.000000,2024-08-01T23:05:00.000000,2024-08-01,,3120,3120
63361458,1722,2,,B29-40,29,BUS32024-hbb34ns1-Weekday-02,29-5-1,1,1,Inbound,Jackson Square Station,1624 Blue Hill Ave @ Mattapan Sq,28,83100,2024-08-01T23:05:00.000000,2024-08-01T23:05:00.000000,2024-08-01,0,3120,3120
63361458,1723,3,,B29-40,29,BUS32024-hbb34ns1-Weekday-02,29-5-1,1,1,Inbound,Jackson Square Station,Blue Hill Ave @ Babson St,28,83100,2024-08-01T23:05:00.000000,2024-08-01T23:06:00.000000,2024-08-01,60,3120,3120
63361458,1724,4,,B29-40,29,BUS32024-hbb34ns1-Weekday-02,29-5-1,1,1,Inbound,Jackson Square Station,Blue Hill Ave opp Woodhaven St,28,83100,2024-08-01T23:05:00.000000,2024-08-01T23:06:00.000000,2024-08-01,0,3120,3120
63361458,1725,5,,B29-40,29,BUS32024-hbb34ns1-Weekday-02,29-5-1,1,1,Inbound,Jackson Square Station,1458 Blue Hill Ave opp Almont St,28,83100,2024-08-01T23:05:00.000000,2024-08-01T23:06:00.000000,2024-08-01,0,3120,3120
63361458,1726,6,,B29-40,29,BUS32024-hbb34ns1-Weekday-02,29-5-1,1,1,Inbound,Jackson Square Station,Blue Hill Ave @ Mattapan Library,28,83100,2024-08-01T23:05:00.000000,2024-08-01T23:07:00.000000,2024-08-01,60,3120,3120
63361458,1728,7,wellh,B29-40,29,BUS32024-hbb34ns1-Weekday-02,29-5-1,1,1,Inbound,Jackson Square Station,Blue Hill Ave @ Fessenden St,28,83100,2024-08-01T23:05:00.000000,2024-08-01T23:07:00.000000,2024-08-01,0,3120,3120
63361458,1730,8,,B29-40,29,BUS32024-hbb34ns1-Weekday-02,29-5-1,1,1,Inbound,Jackson Square Station,Blue Hill Ave @ Woolson St,28,83100,2024-08-01T23:05:00.000000,2024-08-01T23:08:00.000000,2024-08-01,60,3120,3120
63361458,1731,9,mortn,B29-40,29,BUS32024-hbb34ns1-Weekday-02,29-5-1,1,1,Inbound,Jackson Square Station,Blue Hill Ave @ Morton St,28,83100,2024-08-01T23:05:00.000000,2024-08-01T23:09:00.000000,2024-08-01,60,3120,3120
63361458,1732,10,,B29-40,29,BUS32024-hbb34ns1-Weekday-02,29-5-1,1,1,Inbound,Jackson Square Station,Blue Hill Ave @ Woodrow Ave,28,83100,2024-08-01T23:05:00.000000,2024-08-01T23:09:00.000000,2024-08-01,0,3120,3120
63361458,1733,11,,B29-40,29,BUS32024-hbb34ns1-Weekday-02,29-5-1,1,1,Inbound,Jackson Square Station,Blue Hill Ave @ Arbutus St,28,83100,2024-08-01T23:05:00.000000,2024-08-01T23:10:00.000000,2024-08-01,60,3120,3120
63361458,1734,12,,B29-40,29,BUS32024-hbb34ns1-Weekday-02,29-5-1,1,1,Inbound,Jackson Square Station,Blue Hill Ave @ Callender St,28,83100,2024-08-01T23:05:00.000000,2024-08-01T23:10:00.000000,2024-08-01,0,3120,3120
63361458,1735,13,,B29-40,29,BUS32024-hbb34ns1-Weekday-02,29-5-1,1,1,Inbound,Jackson Square Station,Blue Hill Ave @ Westview St,28,83100,2024-08-01T23:05:00.000000,2024-08-01T23:11:00.000000,2024-08-01,60,3120,3120
63361458,1736,14,,B29-40,29,BUS32024-hbb34ns1-Weekday-02,29-5-1,1,1,Inbound,Jackson Square Station,Blue Hill Ave opp Health Ctr,28,83100,2024-08-01T23:05:00.000000,2024-08-01T23:12:00.000000,2024-08-01,60,3120,3120
63361458,1737,15,bltal,B29-40,29,BUS32024-hbb34ns1-Weekday-02,29-5-1,1,1,Inbound,Jackson Square Station,Blue Hill Ave @ Harvard St,28,83100,2024-08-01T23:05:00.000000,2024-08-01T23:12:00.000000,2024-08-01,0,3120,3120
63361458,381,16,,B29-40,29,BUS32024-hbb34ns1-Weekday-02,29-5-1,1,1,Inbound,Jackson Square Station,Blue Hill Ave @ Wales St,28,83100,2024-08-01T23:05:00.000000,2024-08-01T23:13:00.000000,2024-08-01,60,3120,3120
63361458,382,17,,B29-40,29,BUS32024-hbb34ns1-Weekday-02,29-5-1,1,1,Inbound,Jackson Square Station,Blue Hill Ave @ Charlotte St,28,83100,2024-08-01T23:05:00.000000,2024-08-01T23:14:00.000000,2024-08-01,60,3120,3120
63361458,383,18,frnpk,B29-40,29,BUS32024-hbb34ns1-Weekday-02,29-5-1,1,1,Inbound,Jackson Square Station,Blue Hill Ave @ Ellington St,28,83100,2024-08-01T23:05:00.000000,2024-08-01T23:15:00.000000,2024-08-01,60,3120,3120
63361458,9448,19,,B29-40,29,BUS32024-hbb34ns1-Weekday-02,29-5-1,1,1,Inbound,Jackson Square Station,Seaver St @ Blue Hill Ave,28,83100,2024-08-01T23:05:00.000000,2024-08-01T23:16:00.000000,2024-08-01,60,3120,3120
63361458,1739,20,,B29-40,29,BUS32024-hbb34ns1-Weekday-02,29-5-1,1,1,Inbound,Jackson Square Station,Seaver St @ Maple St,28,83100,2024-08-01T23:05:00.000000,2024-08-01T23:17:00.000000,2024-08-01,60,3120,3120
63361458,1740,21,,B29-40,29,BUS32024-hbb34ns1-Weekday-02,29-5-1,1,1,Inbound,Jackson Square Station,Seaver St @ Elm Hill Ave,28,83100,2024-08-01T23:05:00.000000,2024-08-01T23:17:00.000000,2024-08-01,0,3120,3120
63361458,1741,22,svrhm,B29-40,29,BUS32024-hbb34ns1-Weekday-02,29-5-1,1,1,Inbound,Jackson Square Station,Seaver St @ Humboldt Ave,28,83100,2024-08-01T23:05:00.000000,2024-08-01T23:18:00.000000,2024-08-01,60,3120,3120
63361458,1742,23,,B29-40,29,BUS32024-hbb34ns1-Weekday-02,29-5-1,1,1,Inbound,Jackson Square Station,Seaver St @ Harold St,28,83100,2024-08-01T23:05:00.000000,2024-08-01T23:19:00.000000,2024-08-01,60,3120,1200
63361458,1743,24,,B29-40,29,BUS32024-hbb34ns1-Weekday-02,29-5-1,1,1,Inbound,Jackson Square Station,Columbus Ave @ Walnut Ave,28,83100,2024-08-01T23:05:00.000000,2024-08-01T23:20:00.000000,2024-08-01,60,3120,1200
63361458,1188,25,egles,B29-40,29,BUS32024-hbb34ns1-Weekday-02,29-5-1,1,1,Inbound,Jackson Square Station,Columbus Ave opp Weld Ave - Egleston Sq,28,83100,2024-08-01T23:05:00.000000,2024-08-01T23:21:00.000000,2024-08-01,60,3120,1200
63361458,1215,26,,B29-40,29,BUS32024-hbb34ns1-Weekday-02,29-5-1,1,1,Inbound,Jackson Square Station,Columbus Ave @ Bray St,28,83100,2024-08-01T23:05:00.000000,2024-08-01T23:22:00.000000,2024-08-01,60,3120,1140
63361458,1216,27,,B29-40,29,BUS32024-hbb34ns1-Weekday-02,29-5-1,1,1,Inbound,Jackson Square Station,Columbus Ave @ Dimock St,28,83100,2024-08-01T23:05:00.000000,2024-08-01T23:23:00.000000,2024-08-01,60,3120,1140
63361458,11531,28,jasst,B29-40,29,BUS32024-hbb34ns1-Weekday-02,29-5-1,1,1,Inbound,Jackson Square Station,Jackson Square,28,83100,2024-08-01T23:05:00.000000,2024-08-01T23:25:00.000000,2024-08-01,120,3120,960
63362022,900,1,wtryd,B52-191,52,BUS32024-hbb34ns1-Weekday-02,52-5-0,1,0,Outbound,Dedham Mall,Water St @ Watertown Yard,55,42480,2024-08-01T11:48:00.000000,2024-08-01T11:48:00.000000,2024-08-01,,3600,3600
63362022,902,2,,B52-191,52,BUS32024-hbb34ns1-Weekday-02,52-5-0,1,0,Outbound,Dedham Mall,Galen St @ Boyd St,55,42480,2024-08-01T11:48:00.000000,2024-08-01T11:50:00.000000,2024-08-01,120,3600,3600
63362022,1900,3,,B52-191,52,BUS32024-hbb34ns1-Weekday-02,52-5-0,1,0,Outbound,Dedham Mall,Centre St @ Pearl St,55,42480,2024-08-01T11:48:00.000000,2024-08-01T11:50:00.000000,2024-08-01,0,3600,3600
63362022,903,4,nwcor,B52-191,52,BUS32024-hbb34ns1-Weekday-02,52-5-0,1,0,Outbound,Dedham Mall,Washington St @ Bacon St,55,42480,2024-08-01T11:48:00.000000,2024-08-01T11:51:00.000000,2024-08-01,60,3600,3600
63362022,8517,5,,B52-191,52,BUS32024-hbb34ns1-Weekday-02,52-5-0,1,0,Outbound,Dedham Mall,Centre St @ Church St,55,42480,2024-08-01T11:48:00.000000,2024-08-01T11:52:00.000000,2024-08-01,60,3600,3600
63362022,8518,6,,B52-191,52,BUS32024-hbb34ns1-Weekday-02,52-5-0,1,0,Outbound,Dedham Mall,Centre St @ Newtonville Ave,55,42480,2024-08-01T11:48:00.000000,2024-08-01T11:53:00.000000,2024-08-01,60,3600,3600
63362022,8519,7,,B52-191,52,BUS32024-hbb34ns1-Weekday-02,52-5-0,1,0,Outbound,Dedham Mall,Centre St @ Bellevue St,55,42480,2024-08-01T11:48:00.000000,2024-08-01T11:53:00.000000,2024-08-01,0,3600,3600
63362022,8520,8,,B52-191,52,BUS32024-hbb34ns1-Weekday-02,52-5-0,1,0,Outbound,Dedham Mall,Centre St @ Lombard St,55,42480,2024-08-01T11:48:00.000000,2024-08-01T11:53:00.000000,2024-08-01,0,3600,3600
63362022,8521,9,,B52-191,52,BUS32024-hbb34ns1-Weekday-02,52-5-0,1,0,Outbound,Dedham Mall,Centre St @ Cabot St,55,42480,2024-08-01T11:48:00.000000,2024-08-01T11:54:00.000000,2024-08-01,60,3600,3600
63362022,8522,10,mtalv,B52-191,52,BUS32024-hbb34ns1-Weekday-02,52-5-0,1,0,Outbound,Dedham Mall,785 Centre St,55,42480,2024-08-01T11:48:00.000000,2024-08-01T11:54:00.000000,2024-08-01,0,3600,3600
63362022,8523,11,,B52-191,52,BUS32024-hbb34ns1-Weekday-02,52-5-0,1,0,Outbound,Dedham Mall,Centre St @ Cotton St,55,42480,2024-08-01T11:48:00.000000,2024-08-01T11:55:00.000000,2024-08-01,60,3600,3600
63362022,8524,12,,B52-191,52,BUS32024-hbb34ns1-Weekday-02,52-5-0,1,0,Outbound,Dedham Mall,Centre St @ Mill St,55,42480,2024-08-01T11:48:00.000000,2024-08-01T11:55:00.000000,2024-08-01,0,3600,3600
63362022,8525,13,,B52-191,52,BUS32024-hbb34ns1-Weekday-02,52-5-0,1,0,Outbound,Dedham Mall,Centre St @ Ward St,55,42480,2024-08-01T11:48:00.000000,2024-08-01T11:56:00.000000,2024-08-01,60,3600,3600
63362022,8526,14,,B52-191,52,BUS32024-hbb34ns1-Weekday-02,52-5-0,1,0,Outbound,Dedham Mall,Centre St @ Commonwealth Ave,55,42480,2024-08-01T11:48:00.000000,2024-08-01T11:56:00.000000,2024-08-01,0,3600,3600
63362022,8527,15,,B52-191,52,BUS32024-hbb34ns1-Weekday-02,52-5-0,1,0,Outbound,Dedham Mall,Centre St @ Bowen St,55,42480,2024-08-01T11:48:00.000000,2024-08-01T11:57:00.000000,2024-08-01,60,3600,3600
63362022,8528,16,newct,B52-191,52,BUS32024-hbb34ns1-Weekday-02,52-5-0,1,0,Outbound,Dedham Mall,Centre St @ Beacon St,55,42480,2024-08-01T11:48:00.000000,2024-08-01T11:58:00.000000,2024-08-01,60,3600,3600
63362022,8529,17,,B52-191,52,BUS32024-hbb34ns1-Weekday-02,52-5-0,1,0,Outbound,Dedham Mall,Cypress St @ Braeland Ave,55,42480,2024-08-01T11:48:00.000000,2024-08-01T11:58:00.000000,2024-08-01,0,3600,3600
63362022,8530,18,,B52-191,52,BUS32024-hbb34ns1-Weekday-02,52-5-0,1,0,Outbound,Dedham Mall,Parker St @ Cypress St,55,42480,2024-08-01T11:48:00.000000,2024-08-01T11:59:00.000000,2024-08-01,60,3600,3600
63362022,8531,19,,B52-191,52,BUS32024-hbb34ns1-Weekday-02,52-5-0,1,0,Outbound,Dedham Mall,Parker St @ Athelstane Rd,55,42480,2024-08-01T11:48:00.000000,2024-08-01T12:00:00.000000,2024-08-01,60,3600,3600
63362022,8532,20,,B52-191,52,BUS32024-hbb34ns1-Weekday-02,52-5-0,1,0,Outbound,Dedham Mall,Parker St @ Stearns St,55,42480,2024-08-01T11:48:00.000000,2024-08-01T12:00:00.000000,2024-08-01,0,3600,3600
63362022,8533,21,,B52-191,52,BUS32024-hbb34ns1-Weekday-02,52-5-0,1,0,Outbound,Dedham Mall,Parker St @ Boylston St,55,42480,2024-08-01T11:48:00.000000,2024-08-01T12:00:00.000000,2024-08-01,0,3600,3600
63362022,8534,22,,B52-191,52,BUS32024-hbb34ns1-Weekday-02,52-5-0,1,0,Outbound,Dedham Mall,Parker St @ Parker Ave,55,42480,2024-08-01T11:48:00.000000,2024-08-01T12:01:00.000000,2024-08-01,60,3600,3600
63362022,8535,23,,B52-191,52,BUS32024-hbb34ns1-Weekday-02,52-5-0,1,0,Outbound,Dedham Mall,Parker St @ Hagen Rd,55,42480,2024-08-01T11:48:00.000000,2024-08-01T12:01:00.000000,2024-08-01,0,3600,3600
63362022,8536,24,,B52-191,52,BUS32024-hbb34ns1-Weekday-02,52-5-0,1,0,Outbound,Dedham Mall,Parker St @ Parker Rd,55,42480,2024-08-01T11:48:00.000000,2024-08-01T12:02:00.000000,2024-08-01,60,3600,3600
63362022,8537,25,prkwl,B52-191,52,BUS32024-hbb34ns1-Weekday-02,52-5-0,1,0,Outbound,Dedham Mall,Parker St opp Wheeler Rd,55,42480,2024-08-01T11:48:00.000000,2024-08-01T12:02:00.000000,2024-08-01,0,3600,3600
63362022,85371,26,,B52-191,52,BUS32024-hbb34ns1-Weekday-02,52-5-0,1,0,Outbound,Dedham Mall,Wheeler Rd @ Meadowbrook Rd,55,42480,2024-08-01T11:48:00.000000,2024-08-01T12:03:00.000000,2024-08-01,60,3600,3600
63362022,8540,27,,B52-191,52,BUS32024-hbb34ns1-Weekday-02,52-5-0,1,0,Outbound,Dedham Mall,Dedham St opp Meadowbrook Rd,55,42480,2024-08-01T11:48:00.000000,2024-08-01T12:04:00.000000,2024-08-01,60,3600,3600
63362022,8541,28,,B52-191,52,BUS32024-hbb34ns1-Weekday-02,52-5-0,1,0,Outbound,Dedham Mall,Dedham St opp Greenwood St,55,42480,2024-08-01T11:48:00.000000,2024-08-01T12:04:00.000000,2024-08-01,0,3600,3600
63362022,8542,29,,B52-191,52,BUS32024-hbb34ns1-Weekday-02,52-5-0,1,0,Outbound,Dedham Mall,Dedham St opp Arnold Rd,55,42480,2024-08-01T11:48:00.000000,2024-08-01T12:05:00.000000,2024-08-01,60,3600,3600
63362022,18542,30,,B52-191,52,BUS32024-hbb34ns1-Weekday-02,52-5-0,1,0,Outbound,Dedham Mall,Dedham St opp Rosalie Rd,55,42480,2024-08-01T11:48:00.000000,2024-08-01T12:05:00.000000,2024-08-01,0,3600,3600
63362022,8544,31,,B52-191,52,BUS32024-hbb34ns1-Weekday-02,52-5-0,1,0,Outbound,Dedham Mall,Dedham St @ Carlson Ave,55,42480,2024-08-01T11:48:00.000000,2024-08-01T12:06:00.000000,2024-08-01,60,3600,3600
63362022,8545,32,oak,B52-191,52,BUS32024-hbb34ns1-Weekday-02,52-5-0,1,0,Outbound,Dedham Mall,Dedham St @ Wiswall Rd,55,42480,2024-08-01T11:48:00.000000,2024-08-01T12:06:00.000000,2024-08-01,0,3600,3600
63362022,8546,33,,B52-191,52,BUS32024-hbb34ns1-Weekday-02,52-5-0,1,0,Outbound,Dedham Mall,Wiswall Rd @ Indian Ridge Rd,55,42480,2024-08-01T11:48:00.000000,2024-08-01T12:06:00.000000,2024-08-01,0,3600,3600
63362022,8547,34,,B52-191,52,BUS32024-hbb34ns1-Weekday-02,52-5-0,1,0,Outbound,Dedham Mall,Wiswall Rd opp McCarthy Rd,55,42480,2024-08-01T11:48:00.000000,2024-08-01T12:06:00.000000,2024-08-01,0,3600,3600
63362022,8548,35,,B52-191,52,BUS32024-hbb34ns1-Weekday-02,52-5-0,1,0,Outbound,Dedham Mall,Wiswall Rd @ O Roadway,55,42480,2024-08-01T11:48:00.000000,2024-08-01T12:07:00.000000,2024-08-01,60,3600,3600
63362022,8549,36,,B52-191,52,BUS32024-hbb34ns1-Weekday-02,52-5-0,1,0,Outbound,Dedham Mall,Wiswall Rd @ M Roadway,55,42480,2024-08-01T11:48:00.000000,2024-08-01T12:07:00.000000,2024-08-01,0,3600,3600
63362022,8550,37,,B52-191,52,BUS32024-hbb34ns1-Weekday-02,52-5-0,1,0,Outbound,Dedham Mall,Wiswall Rd @ Walsh Rd,55,42480,2024-08-01T11:48:00.000000,2024-08-01T12:08:00.000000,2024-08-01,60,3600,3600
63362022,8552,38,,B52-191,52,BUS32024-hbb34ns1-Weekday-02,52-5-0,1,0,Outbound,Dedham Mall,Sawmill Brook Pkwy @ Walsh Rd,55,42480,2024-08-01T11:48:00.000000,2024-08-01T12:08:00.000000,2024-08-01,0,3600,3600
63362022,85511,39,,B52-191,52,BUS32024-hbb34ns1-Weekday-02,52-5-0,1,0,Outbound,Dedham Mall,Sawmill Brook Pkwy @ Spiers Rd,55,42480,2024-08-01T11:48:00.000000,2024-08-01T12:08:00.000000,2024-08-01,0,3600,3600
63362022,8553,40,,B52-191,52,BUS32024-hbb34ns1-Weekday-02,52-5-0,1,0,Outbound,Dedham Mall,Sawmill Brook Pkwy @ Keller Path,55,42480,2024-08-01T11:48:00.000000,2024-08-01T12:09:00.000000,2024-08-01,60,3600,3600
63362022,8554,41,sbpfd,B52-191,52,BUS32024-hbb34ns1-Weekday-02,52-5-0,1,0,Outbound,Dedham Mall,Sawmill Brook Pkwy @ McCarthy Rd,55,42480,2024-08-01T11:48:00.000000,2024-08-01T12:09:00.000000,2024-08-01,0,3600,3600
63362022,85551,42,,B52-191,52,BUS32024-hbb34ns1-Weekday-02,52-5-0,1,0,Outbound,Dedham Mall,Fredette Rd @ Spiers Rd,55,42480,2024-08-01T11:48:00.000000,2024-08-01T12:10:00.000000,2024-08-01,60,3600,3600
63362022,8556,43,,B52-191,52,BUS32024-hbb34ns1-Weekday-02,52-5-0,1,0,Outbound,Dedham Mall,Spiers Rd @ Dedham St,55,42480,2024-08-01T11:48:00.000000,2024-08-01T12:10:00.000000,2024-08-01,0,3600,3600
63362022,85562,44,,B52-191,52,BUS32024-hbb34ns1-Weekday-02,52-5-0,1,0,Outbound,Dedham Mall,Baker St @ VFW Pkwy,55,42480,2024-08-01T11:48:00.000000,2024-08-01T12:13:00.000000,2024-08-01,180,3600,3600
63362022,85563,45,,B52-191,52,BUS32024-hbb34ns1-Weekday-02,52-5-0,1,0,Outbound,Dedham Mall,Baker St @ VFW Pkwy,55,42480,2024-08-01T11:48:00.000000,2024-08-01T12:13:00.000000,2024-08-01,0,3600,3600
63362022,85564,46,,B52-191,52,BUS32024-hbb34ns1-Weekday-02,52-5-0,1,0,Outbound,Dedham Mall,Baker St @ Capital St,55,42480,2024-08-01T11:48:00.000000,2024-08-01T12:13:00.000000,2024-08-01,0,3600,3600
63362022,85565,47,baker,B52-191,52,BUS32024-hbb34ns1-Weekday-02,52-5-0,1,0,Outbound,Dedham Mall,Baker St opp Varick Rd,55,42480,2024-08-01T11:48:00.000000,2024-08-01T12:14:00.000000,2024-08-01,60,3600,3600
63362022,85566,48,,B52-191,52,BUS32024-hbb34ns1-Weekday-02,52-5-0,1,0,Outbound,Dedham Mall,Baker St @ Amesbury St,55,42480,2024-08-01T11:48:00.000000,2024-08-01T12:15:00.000000,2024-08-01,60,3600,3600
63362022,85567,49,,B52-191,52,BUS32024-hbb34ns1-Weekday-02,52-5-0,1,0,Outbound,Dedham Mall,Baker St @ Cutter Rd,55,42480,2024-08-01T11:48:00.000000,2024-08-01T12:15:00.000000,2024-08-01,0,3600,3600
63362022,85568,50,,B52-191,52,BUS32024-hbb34ns1-Weekday-02,52-5-0,1,0,Outbound,Dedham Mall,Baker St @ Dunwell St,55,42480,2024-08-01T11:48:00.000000,2024-08-01T12:16:00.000000,2024-08-01,60,3600,3600
63362022,85569,51,,B52-191,52,BUS32024-hbb34ns1-Weekday-02,52-5-0,1,0,Outbound,Dedham Mall,Baker St @ Wycliff Ave,55,42480,2024-08-01T11:48:00.000000,2024-08-01T12:17:00.000000,2024-08-01,60,3600,3600
63362022,816,52,,B52-191,52,BUS32024-hbb34ns1-Weekday-02,52-5-0,1,0,Outbound,Dedham Mall,Spring St @ Moville St,55,42480,2024-08-01T11:48:00.000000,2024-08-01T12:17:00.000000,2024-08-01,0,3600,3600
63362022,817,53,cloop,B52-191,52,BUS32024-hbb34ns1-Weekday-02,52-5-0,1,0,Outbound,Dedham Mall,Spring St @ VA Hospital,55,42480,2024-08-01T11:48:00.000000,2024-08-01T12:18:00.000000,2024-08-01,60,3600,3600
63362022,10835,54,,B52-191,52,BUS32024-hbb34ns1-Weekday-02,52-5-0,1,0,Outbound,Dedham Mall,Dedham Mall @ South Side,55,42480,2024-08-01T11:48:00.000000,2024-08-01T12:25:00.000000,2024-08-01,420,3600,3600
63362022,10833,55,dmall,B52-191,52,BUS32024-hbb34ns1-Weekday-02,52-5-0,1,0,Outbound,Dedham Mall,Dedham Mall @ Stop & Shop,55,42480,2024-08-01T11:48:00.000000,2024-08-01T12:27:00.000000,2024-08-01,120,3600,3600
ElmSt2-684842-201-HaverhillBradfordVanV1,WR-0325-B,0,,,Shuttle-BradfordHaverhill,SPRING2024-NORTHWKD-Weekday-16,Shuttle-BradfordHaverhill-0-0,5,0,Outbound,Haverhill,Bradford - Parking Lot,2,26220,2024-08-01T07:17:00.000000,2024-08-01T07:17:00.000000,2024-08-01,,,
ElmSt2-684842-201-HaverhillBradfordVanV1,WR-0329-B,1,,,Shuttle-BradfordHaverhill,SPRING2024-NORTHWKD-Weekday-16,Shuttle-BradfordHaverhill-0-0,5,0,Outbound,Haverhill,Haverhill - Parking Lot,2,26220,2024-08-01T07:17:00.000000,2024-08-01T07:22:00.000000,2024-08-01,300,,
ElmSt2-684849-208-HaverhillBradfordVanV1,WR-0329-B,0,,,Shuttle-BradfordHaverhill,SPRING2024-NORTHWKD-Weekday-16,Shuttle-BradfordHaverhill-0-1,5,1,Inbound,North Station,Haverhill - Parking Lot,2,34800,2024-08-01T09:40:00.000000,2024-08-01T09:40:00.000000,2024-08-01,,4800,4800
ElmSt2-684849-208-HaverhillBradfordVanV1,WR-0325-B,1,,,Shuttle-BradfordHaverhill,SPRING2024-NORTHWKD-Weekday-16,Shuttle-BradfordHaverhill-0-1,5,1,Inbound,North Station,Bradford - Parking Lot,2,34800,2024-08-01T09:40:00.000000,2024-08-01T09:45:00.000000,2024-08-01,300,4800,4800
ElmSt2-684858-217-HaverhillBradfordVanV1,WR-0325-B,0,,,Shuttle-BradfordHaverhill,SPRING2024-NORTHWKD-Weekday-16,Shuttle-BradfordHaverhill-0-0,5,0,Outbound,Haverhill,Bradford - Parking Lot,2,67500,2024-08-01T18:45:00.000000,2024-08-01T18:45:00.000000,2024-08-01,,3240,3240
ElmSt2-684858-217-HaverhillBradfordVanV1,WR-0329-B,1,,,Shuttle-BradfordHaverhill,SPRING2024-NORTHWKD-Weekday-16,Shuttle-BradfordHaverhill-0-0,5,0,Outbound,Haverhill,Haverhill - Parking Lot,2,67500,2024-08-01T18:45:00.000000,2024-08-01T18:50:00.000000,2024-08-01,300,3240,3240
